sku,title
1,MICRO FIRBE TRS  & COL TRS
2,MF LS SHIRT
3,MF SS SHT
4,MF SUIT
5,COLOUR SUIT
6,PINSTRIP PINSTRIP 
7,M/TWIST VEST
8,SATIN VEST
9,MF VEST BLACK
10,"VARCE PIN STRIP B3/19,35"
11,BOY SUIT
12,SATIN TIE & BOW TIE
13, BOY MF TRS
14,BOY MF SHT
15,PC BUS' SHT
16,Y6377
17,V069 V069
18,V069 KID
19,URBAN SHT SM361 SM305
20,VARCE POLY/W 31332/10 3208
21,POLY/W VEST TRS & 3208 TRS
22,"POLY WOOL TRS 2019,31332"
23,"PURE WOOL 31226, 31333"
24,PURE W TRS VEST 03T/29
25,PURE WOOL 50685/4SUIT
26,PURE W 31081/W1.4
27,PURE W 31081/2TR VEST
28,PURE W 31820/2A 31820/2D 21564/2A
29,PURE WOOL SLIM FIT SUIT
30,"LW TRIM SUIT D246, 1985"
31,SPUER 100 SUIT
32,POLY WOOL TRS
33,POLY VISCOVE  SUIT
34,POLY VISCOSE TRS/VEST
35,POLY VISCOVE KID SUITS
36,INJECTION LW SUIT
37,SWEATER A3118
38,NEW KNITS 2014
39,JACKET 1602
40,BOY VEST
41,"FASHION TIE, P-TIE"
42,WINTER COAT 3/4 5062.00 5064.00
43,VARCE JACKET Y04
44,JKT 3803-2 3803-1
45,PV ZIP 81570.00 JKT 86181.00
46,"COAT SPORT PURE WOOL 38184/2-1 379-1,"
47,SHOES 2201.00
48,2032/13 SPORTS JKT 3208 NAVY OTHER
49,M/TWIST SUIT
50,M/TWIST TRS
51,PIN TRS VEST B3/19 TRS
52,SHOES 4602#
53,MAVERICK SUIT
54,DPC BUS' SHT
55,FC BUS' SHT 1143 SHIRT
56,"URBAN D06,07,08"
57,3104W/67TRS
58,LW SUIT
59,LW TRS / VEST
60,NZ SUITS  (FASHION PV)
61,398/28 W4
62,NZ03 F2017
63,K05048/6 2018/4 SLIM TRIM
64,DINNER SUIT D78169/36
65,PINSTRIP 12TRS
66,PINSTRIP 12'V
67,POLY RIB POLY RIB SUIT
68,POLY RIB TRS
69,"5218,  9128BLK,  8346"
70,1080/3 203/1
71,1178/4
72,COLOUR VEST 
73,PURE W 50685.00 VEST TRS
74,"PURE W 31081,/W2.3"
75,MIRNING 31081 MORNING
76,MONTAL CP5545 DINNER SUIT 2 PCS
77,TAIL 7089/15
78,"6366, 6365, 6364, 1857,4602,9637"
79,FA FB CUFFINS SHIRTS
80,DNS 058 DNS 044
81,PIN STR' BOY SUIT
82,"9637, 9638,  9636,6364 SHOES"
83,TRS 31820/2D
84,BELT BROWN
85,XERO TRS
86,MF STRETCH TRS 
87,SHINNY SUIT
88,PC S/S SHT
89,1031 SHIRT
90,1984 SHIRT
91,1689 SHIRT
92,1943 SHIRT
93,1312 SHIRT
94,3212
95,3662
96,3663
97,3665
98,SUIT BAGS
99,FANCY BOW TIE
100,BELT IN BOX
101,"3687, 3640"
102,JKT 8903 8620.00 8908.00 8609.00 8701.00
103,KING SIZE P/C SHT
104,POLY W 5808.00 6009/12
105,"POLY W TRS 5808, 6009/12 TRS"
106,POLY/W 31046/67
107,31333/10 VEST
108,"PURE W 3104W/67, 29"
109,PURE W 31900/1
110,POLO SHT 2014
111,VARCE SILK TIE BOX
112,"SPORT COAT POLYWOOL 9346/3, 9246/2"
113,"ALL SHOES 1856, 1857 ,1858,6365,6366, AUSTIN SHOES"
114,3208 DINNER SUIT W2
115,NEW TIE & CUFF SET BOX
116,KID SHOE 6365
117,JKT01 JKT02 LEATHER JACKET
118,693/9 E7142
119,"6363,  6103"
120,POLY W 2019.00
121,T SHT S/S
122,BOY TIE
123,M/TWIST PENAL SUIT
124,WOOL BAND SPORT JACKET 3208NAVY 2032/13
125,0701
126,NEW SHOE 0813#
127,JB SHIRT 51145
128,CUFF LINK
129,WINTER JACKET W1101 W11009
130,NEW 005 JACKET
131,BOY 31333/10 SUIT
132,SOCK
133,31081/2. MORNING
134," ZSU010, ZSU008 SUIT"
135,N/A
136,FASHION PV SUIT (82212/5 SUIT)
137,1028 SHIRT
138,KINGSIZE 052# 075# TRS
139,ZIP T SHT CREW N
140,COTTON TRS
141,W9 62010/13 DINNER SUIT
142,"TAIL SUIT 3209, 3208"
143,SP008 3PCS
144,PURE W 31062 68012/21
145,JEANS
146,TC BUS' SHT
147,VARCE CUFF SHT D11
148,SPECIAL Y SHIRT Y6405/3 Y6002/4
149,8016 SHIRT
150,"1034 SHIRT  , 1090 SHIRT"
151,JDZ SHIRT BT707
152,N/A
153,T SHT L/S
154,KNITS 2011
155,KNITS 2012
156,NEW CAT WALK KNIT
157,POLY RIB VEST
158,0748/1 0748/2
159,KS JK01 BLK / BROWN
160,VARCE JACKET Y06
161,WINTER JACKET JM02
162,LEATHER JACKET 9312.00
163,LJ8429 8499.00 5249.00
164,JKT 6501/1 WHITE BLACK
165,TOP LEATHER SHOES
166,LADIES SUIT
167,LADIES SKT
168,HAT
169,NEW WC SHT
170,FANCY VEST
171,BT BELT
172,005 JACKET
173,"3958/3 , 9098 PL JKT"
174,2011 JACKET
175,6834 BOY SUIT
176,BV S/S SHIRT
177,21896/2 33879/11A 33879/14A
178,N/A
179,N/A
180,RFS SUIT
181,PB BELT
182,`3/4 COAT T359
183,"3208 W8,"
184,M/TWIST DRAGON SUIT
185,BV S/S
186,RFS JACKET
187,OLD SHOES
188,WORK SWEATER REINFORCED SLOPPY JOE
189,PURE W TRS
190,CUFF LINK IN BOX
191,3209.00 TAIL SUIT
192,CLEARANCE POLO SHT
193,W2 WHITE DINNER JACKET
194,UNDER WEAR
195,N/A
196,ZIP P/W JKT 01
197,N/A
198,WOOL BLEND SUIT 3662 SUIT
199,KINGSIZE WOOL BAND TRS 0530/67 0121/3
200,WORKWEAR JEANS
201,MONDAL SUIT DINNIE 3209.00
202,WINTER JACKET JM03
203,SHINY SUIT
204,LJ8346 LEATHER JACKET
205,N/A
206,N/A
207,TRACK PANT (BOSSCO LABEL)
208,N/A
209,19041 KNITS 18058.00 18220.00 18192.00
210,N/A
211,0912/3
212,N/A
213,N/A
214,N/A
215,N/A
216,N/A
217,N/A
218,N/A
219,87515/38 67030/3
220,BRACES
221,KEN JONE SHORT
222,HOODY WITH FUR
223,8017.00 SHIRT
224,MOJO KNIT
225,N/A
226,1823.00 SHIRT
227,N/A
228,RFS SHIRT
229,2012.00 WINTER JACKET
230,N/A
231,K10573 JACKET
232,N/A
233,SLIM FIT SUIT P3006/56 P3003/30
234,N/A
235,TC BUS'
236,PC BUS' / RFS SHIRT
237,FC BUS' & WC SHIRT
238,FA FB CUFFINS
239,WINTER COAT R 5062 5064
240,3/4 3687 3640
241,WORKWEAR DENIM JUMPERS
242,3208 W2
243,DNS 4PCS SUIT
244,SUIT B3/35
245,SPORT COAT P/W
246,V069 SHT 
247,PURE 3104W/29
248,PURE 50685/4
249,PURE W 31081/2.W1
250,PURE TRS 3104W/67
251,LW SUITS
252,LW TRS
253,"TRIM SUIT, T128 (W2)"
254,"SPECIAL 81705/11, 81628/24 P/V SUIT"
255,POLY VISCO  TRS
256,PV KID
257,INJECTION SUIT 2018/4
258,VARCE BELT WITH BOX
259,"6366 , 9637 SHOES"
260,1856/58
261,0816 NEW SHOE
262,URBAN SHT Y6377 Y02
263,TRS B3/35
264,SWEATER
265,"4602, 4702 SHOES"
266,1080/5
267,M/TWIST TRS/VEST
269,1823 SHIRT
271,NZ SUIT
272,K05018/1 W8
273,JACKET JACKET 1602
274,81570ZJKT
275,SPOT COAT WOOL
276,3803JKT
277,LEATHER JACKET JKT-01
278,E7142
279,POLO T SHT (OLD)
280,MF MARVICK SUIT
281,DPC BUS DPC
282,VARCE VARCE 3208
283,POLY /W TRS 2019TRS
284,POLY W 6009/12
285,PURE W 31820/2D
286,POLY VISCO VEST 
287,PINSTRIP PINSTRIP 1412
288,PINSTRIP 12'B
289,12 PIN SUIT
290,NEW TIE & CUF SET BOX
291,PURE 03T/09
292,BV NEW
293,TRS 3208
294,POLY W 31332/10
295,POLY/W TRS 31332/10TR
296,POLO NEW
297,SHINY
298,1028 SHT
300,URBAN SHT SM 361
301,NZ 03
302,POLO L/S
303,POLY TIE
304,PL JACKET
305,MEN SHOES 1178/4
306,203-1
307,MORNING
308,VARCE TIE
309,CUFFLINK IN BOX
310,6103
311,BOY 6365
312,W1101 W1101 W1009
313,POLY W 2019
314,PURE W 31820
315,MONTEL CP5545
316,‘31332/25
317,"ZSU009,011 SUIT"
318,JACKET 3663
319,3208N P/W JACKET
320,COAT Y06
321,NEW SHOES 2011
322,9637
323,BOY
324,N/A
325,50685/4 VEST
326,PURE W 31081/2.W3
327,WC SHIRT
328,SUIT BAG
329,N/A
330,N/A
331,N/A
332,N/A
333,LTV T SHT
334,POLY W
335,JB SHIRT 51161
336,N/A
337,K0074 SHIRT
338,STV
339,8003/4
340,SUPER STRECH
341,WOOL BAND SPORT JACKET 3208NAVY
342,"TRIM LW SUIT, D246"
343,POLY VISCOSE
344,PINSTRIP TRS
345,MF TRS
346,1602
347,POLY V TRS
348,POLY VISCOSE VEST
349,POLO SHT SHT
350,STV T SHT SS
351,1412 PINSTRIP SUIT
352,3208 TRS
353,BOY TRS
354,MICRO FIRBE MF SUIT
355,"PURE W 31333,03T"
356,PURE W TRS31333
357,DPC BUS'
359,URBAN Y01 Y6377
360,PU/W 3104W/67
361,PURE WOOL 31081/2 W4
362,WOOL TRS
363,VARCE 9' &22' PIN SUIT
364,PINSTRIP VEST
365,SHOES
366,P/W SUIT P/W SUIT 50685 5808/6009
367,PURE WOOL VEST
368,P/W SUIT 3208
369,URBAN SHT S SM361 51145.00
370,SPECIAL Y SHT Y6405/3 Y6002/4
371,LEATHER JKT JKT-02
372,31820/2D SUIT
373,CP5545
374,FRANCY VEST
375,1178-4
376,SPOT COAT
377,BV SHIRT S/S
378,PMF SUIT
379,3209 MORNING
380,NZ FASHION SUIT F2017 SUIT
381,3PCS SP008 SP008
382,DNS044 DNS058
383,POLY RIB SUIT
384,BOY 12' SUIT
385,N/A
386,N/A
387,N/A
388,K5018/1 TRIM SUIT
389,SILK TIE BOX
390,N/A
391,KNIT
393,SPECIAL PV81705/11 PV81628/24
394,JM02
395,JK777 JKT
396,FASHION TRS 398/28 398/23
397,CHEAP POLO T SHT
398,815.00 NEW SHOE
399,N/A
400,N/A
401,N/A
402,2019/1 SUIT
403,SUPER 100 003 SUIT
404,WING COLLAR SHT
405,2032
406,3662/3665
407,PC S/S SHIRT
408,3803-2 3687.00
409,N/A
410,N/A
411,N/A
412,KINGSIZE 52.00 TRS
413,N/A
414,N/A
415,N/A
416,1031.00 SHIRT
417,JACKET 1979.00
418,LEATHER SHOE
419,SLIM FIT SUIT
420,SP100 SUIT
421,N/A
422,WINTER COAT R 5064.00 5062.00
423,OLD SPORT JACKET
424,NEW TIE CUFF SET
425,815.00
426,6501/3
427,D78169/36
428,K5936/34
429,N/A
430,2012.00 KNIT
431,398/23 SUIT
432,W058 JACKET FUR COLLAR
433,M STRETCH TRS
434,12MM VEST
435,W1009 JACKET
436,9246/2 BLACK
437,9346/3 CHAR S/ COAT
438,SOCK JM
439,8016 SHIRT BIG SIZE
440,2018/4 SUIT
441,1126/7 SUIT
442,1126/8 SUIT 
443,2018/4 TRS
444,RFS/AF028 TRS
445,2018/17 TRS
446,BOY POLY VISCO SUIT
447,BOY POLY VISCO TRS
448,BOY MF SUIT 
449,BOY TRIM TRS 7089/2
450,NEW RFS TRS
451,2018/2 TRS
452,2180/3 TRS
453,8017 & 8018 SHIRTS
454,398/23 TRS
455,2180/3 SUIT 
456,5501/2 SUIT
457,016 WINTER JACKET 
458, K/S PC SHIRT
459,V069 SHIRT
460,V069 BOY SHIRT
461,POLY VISCO BOY SUIT
462,POLY VISCO SUIT
463,"1602 JACKET WHT,BEIGE,SILVER"
464,"1602 JACKET CHAR, BLK"
465,3208 TRIM SUIT W8
466,BOY PV TRS & VEST 
467,PV SUIT
468,PV TRS
469,"2018/17, 2018/2 W8 TRS"
470,RFS PV TRS
471,2013 RFS PW TRS
472,1304 SHIRT
473,K2542 TRS
474,BOY TRIM SUIT
475,BOY TRIM TRS
476,6377 SHIRT 
477,SCUZZATTI SHIRT 203/2
478,JB SHIRT S/S 57139 
479,RFS PW TRS
480,JUMPER
481,INJECTION PV SUIT
482,FASHION TRS
483,FC SHIRT & WC SHIRT
484,BOY MF VEST
485,3208 (W2) SUIT
486,K5018/6 SUIT
487,NZ SUITS FASHION TRS
488,TRIM TRS / VEST
489,3208 SUIT
490,M TWIST SUIT 
491,M TWIST TRS
492,9346/3 SPORT JACKET
493,SKINNY SATIN TIE
494,9098 JACKET
495,MF WHITE JACKET W2 1B
496,PURE WOOL SUIT (1 TRS)
497,PURE WOOL TRS
498,TRIM BOY SUIT
499,2013 RFS TRS
500,9098/3 JACKET 
501,2012 WINTER JACKET
502,1065 JACKET
503,2012  WINTER JACKET
504,2018/14 SUIT
505,2998/4 SPECIAL PV SUIT
506,FASHION SUIT
507,COL VEST / TRS
508,COL TRS
509,POLY VISCO
510,KID MF SHIRT
511,"3635/4, 3635/1 CK KNIT"
512,1689
513,ALLPHONE PLAIN LADY SHIRT
514,BOY POLY VISCOVE SUIT
515,1101 WINTER JACKET
516,W058 WINTER JACKET
517,REVERSIABLE BELT
518,TOP LEATHER SHOES 16151
519,POLY VISCOSE TRS 
520,3208 TRS & VEST
521,COTTON TRS BOY
522,9098 PL JACKET SPECIAL
523,8499 LEATHER JACKET SPECIAL
524,BOY PV SUIT
525,BOY LW TRIM SUIT
526,PC SHIRT
527,9098 &1059 PL JKT
528,398/23 & 2018/17 TRS
529,MIXED TIE @100 IN BOX
530,JM SOCK
531,POLY VISCOSE SUIT
532,ZSU008 SUIT
533,5502/5 SUIT
534,ISU009 SUIT
535,3208 W2 SUIT
536,3209 TAIL SUIT 
537,9346/3 SPORT COAT
538,9098. 1059 PL JACKET
539,3209 MORNING JACKET ONLY 
540,5501/2 SPECIAL SUIT
541,"1059.1065,9098 PL JACKET"
542,POLY VISCO SUIT & TRS
543,CP5545 (W2) SUIT
544,6366 SHOES
545,RFS AF TRS 
546,016 JACKET
547,IP013 TRS
548,2013 KNIT
549,WOOL SPORTS COAT
550,LEATHER JACKET
551,SPECIAL PV SUIT (23/04/2013)
552,5501/2 TRS
553,2012 KNITS
554,5501/2 SUIT SPECIAL PV 
555,CLEARANCE PV & PW TRS
556,MF SHIRT LS
557,BOY MF SHIRT
558,NEW KNITS 2013 (SPECIAL FOR BON)
559,JM06 JACKET 
560,SP100 PURE WOOL WITH 2 TRS
561,5786/3 SPECIAL PV SUIT
562,S203/2 SHIRT
563,1602 JACKET
564,POLY WOOL SUIT 
565,5502/4 SUIT WITH 2 TRS
566,BOY ZIP TIE
567,BOY MF TRS
568,LEATHER JACKET JK02
569,W1101 WINTER JACKET
570,W058 JACKET
571,W1009 WINTER JACKET
572,"W1101,058 JACKET"
573,"W1101,W058 JACKET"
574,JM 02  JACKET 
575,W1101 JACKET
576,"2013 KNITS (MO9,10,07)"
577,WINTER JACKET
578,WORKWEAR SWEATER DEMIN
579,31614/3 SPECIAL LW SUIT
580,2013 NEW KNITS
581,3188 WHITE SUIT
582,P/V SUIT
583,PURE WOOL SUIT
584,5502/5 INJECTION SUIT
585,3208 W8 SUIT
586,NEW FC SHIRT
587,FASHION / NZ SUIT
588,8308/4 SUIT
589,K5018/1 SUIT
590,21016/3 WITH 2 TRS SUIT
591,DOUBLE BOW TIE
592,3208 W2 SUIT 1B
593,"6365, 4602 SHOES"
594,29009/1 MASSIMO 2TRS SUIT
595,JM02 WINTER JACKET
596,JM06 WINTER JACKET
597,JM03 WINTER JACKET
598,JM06
599,28831/1 SLIM FIT PURE WOOL TRS
600,3209 MORNING SUIT
601,V069
602,BOY LW SUIT
603,MF COL SUIT 
604,MF COL TRS & VEST
605,POLY VISICO
606,"MATRIX JACKET 6221,650"
607,5018/6 SUIT WITHOUT TRIM
608,ISU008 SUIT
609,V069 BOY
610,"6365, 6103 SHOES"
611,5501/2  & 5501/3 SUIT
612,3189 SUIT
613,3189 VEST
614,3188 SUIT
615,5198/1 SUIT
616,POLY VISCOSE BOY SUIT 
617,"2012 JACKET W1101, 016"
618,2012 JACKET W058
619,1034
620,8016
621,WOOL JUMPER L/S V NECK 9234
622,WOOL VEST 8234
623,8CM TIE
624,HANKY
625,"DOUBLE BOW TIE, BOW TIE"
626,TRIM TRS
627,5018/6 SPECIAL PV SUIT
628,0904/9 SPECIAL PV SUIT
629,BOY SHOES 6365
630,VARCE 5CM SATIN TIE
631,FAT BOY TIE
632,8CM & 5CM TIE
633,VARCE BOW TIE
634,HANKIES
635,"16154 , 16149 SHOES"
636,1201 JACKET
637,3208 BLACK TW2 TAIL SUIT
638,ISU005
639,LEATHER JACKET CLEARANCE
640,CP5545 SUIT W2
641,CP5545 W2 SUIT
642,CHEAP KNIT VEST
643,6103 SHOE
644,BOY POLY VISCOSE SUIT 
645,N02 8793
646,N02 8793 JACKET
647,8793 CORDUROY SUIT
648,82212/7 SUIT
649,SPORT COAT
650,3803 JACKET
651,8793 COAT
652,CK KNITS
653,8793 JACKET
654,1090 SHIRT 
655,9234 KNIT V NECK L/S
656,JM03
657,ZSU010 SUIT
658,1986 SHIRT
659,ORANGE NAVY 
660,5CM / 8CM TIE
661,"5CM , 8CM TIE"
662,COL SUIT
663,8018 SHIRT
664,5501/3 VEST 
665,1126/7 FASHION SUIT
666,"F2017, F0191 NZ03 SUIT"
667,JM104 ANKLE SOCK
668,"8731/56 VEST, 7183/7 VEST"
669,5502/4 SUIT
670,8793 CORDUROY JACKET
671,8793/1 CORDUROY
672,"005 JACKET, 1203 JACKET"
673,33758/1 PURE WOOL SUIT
674,82212/5 FASHION PV SUIT
675,"L3600 BLK,NAVY,CHAR WITH 1 TRS"
676,"L3600 BLK, NAVY, CHAR WIHT 2 TRS"
677,8014 SHIRT
678,5502/4 TRS
679,L3600/29 SUIT
680,BOY 81792/7 TRS
681,"1823, 8014 SHIRT"
682,1203 JACKET
683,7616/1 SUIT
684,3208 (W8) SUIT 
685,"L3600/60,29,56 SUIT"
686,"8793/5, 8793/1,8793/4 SUIT"
687,"005, 1203 JACKET"
688,BOY TWIST JACKET ONLY
689,ASSORTED TIE
690,"TRIM, D246 SUIT"
691,81570/1 TRS
692,MF STRECTCH TRS
693,SILK POLY TIE
694,3208 JACKET ONLY
695,8609/2 VEST 
696,0904 TRS 
697,MF TRS LONG
698,POLY VISECO SUIT
699,SHOES 9637
700,3208
701,MF BOY TRS
702,MF W2 JACKET ONLY
703,"16149 , 19153 SHOES"
704,"A117/30, 125/28 POLY WOOL TRS"
705,8793/1 CORDUROY JKT
706,TRIM VEST & TRS
707,BOY POLY V TRS
708,2995/115 SUIT
709,ISU012 SUIT
710,2803/1 SUIT
711,28831/1 SUIT
712,BOY P/V SUIT
713,3600 SUIT POLY VISCOSE
714,CLEARANCE SUIT
715,TRIM SUIT &N16
716,5501/3 SUIT 
717,"16151, 16153 SHOES"
718,K5018/6 TRIM SUIT
719,8100/7 GREY SUIT
720,"16151/7, 16154/7 SHOES"
721,"5501/2, 5501/3 TRS"
722,78411/51 SUIT
723,78/96A SUIT
724,HI VIS V NECK JUMPER
725,L3600/50 SUIT
726,"8100/7, 2912/6, RFS ISU012 SUIT"
727,3104W/67 SUIT SPECIAL
728,1203/6 SUIT
729,62010/13 W9 SUIT
730,33758/1 SUIT
731,17089/13 SUIT 
732,31333/10 SUIT BIG
733,3600/60 BIG
734,L3600/60 POLY VISCOSE SUIT
735,"5061/10,78169/36 SUIT"
736,3600 SUIT
737,INJECTION SUIT
738,1090
739,FASHION SUIT & NZ SUIT
740,MF SHIRT 
741,DEMIN SHORTS
742,"2012  POLO , 6126,6124"
743,2012 POLO
744,2013 COTTON POLO 
745,COTTON POLO SHIRT
746,COLOUR TRS
747,COTTON POLO 
748,2013 POLO SHIRT
749,MF BOY SUIT
750,POLY 2013
751,2013 POLO
752,81570/1 JACKET ONLY 
753,9024/241 NZ01 SPECIAL
754,2103/62 PURE WOOL SUIT 
755,MF VEST BIG SIZE
756,"8018, 1986"
757,CLEARANCE SHIRT
758,POLO
759,POLO SHIRT
760,2013 PLO SHIRT & COTTON
761,COTTON & 2013 POLO SHIRT
762,POLY VISICO BOY SUIT
763,"FASHION PV SUIT 1126/5, 7, 8"
764,TRIM SUIT W8
765,1199/58 SUIT
766,1027/1 SUIT
767,FASHION SUIT 1207/2
768,1027/2 FASHION SUIT
769,PURE WOOL SOR STOCK
770,"V069, 1689 SHIRT"
771,5061/2 VEST
772,9024/241 SUIT
773,"8016 , 8014 SHIRT"
774,POLY VISICO SUIT
775,2013 NEW POLO
776,NZ03 SUIT
777,"8014 , 8016 SHIRT"
778,1027/2 SUIT
779,1207 TP SUIT
780,1207/1 SUIT
781,TP1027/1 & 2  SUIT
782,2018/4 SUIT TRIM
783,KID V069
784,PC
785,JM02 JACKET 
786,ASSORTED FASHION TIE
787,"8016, 8014 SHIRT"
788,3208 W2 DINNER SUIT
789,COLBEST SHIRT
790,9599/8 SUIT
791,CLEARANCE VEST
792,1688 SHIRT
793,"398/23, 7616, 9024/241(NZ02),K5018/1(GREY)"
794,2013 POLO SHIRT 6130/7...
795,POLO SHIRT 6132/7 ...
796,POLY VISECO
797,9268/13 SUIT
798,8702/2 TRS
799,JB 9 SHIRT
800,Y6377 SHIRT
801,CLEARANCE POLO
802,8720/2 SUIT
803,JAGGER SOX
804,CLEARANCE TRS
805,"3189,9268/13,1199/58,10272,10271 SUIT"
806,V069 SHIRT BOY
807,POLO T SHIRT 2014
808,BOY V069
809,MF L/S SHIRT
810,BOY PV VEST
811,SPECIAL PV TRS
812,PV VEST / TRS
813,NZ03 TRS
814,VARCE SATIN TIE
815,CARRY BAGS
816,NZ SUIT F2017
817,"8014, 8016 SHIRT"
818,V069 MEN SHIRT
819,DENIM SHORT
820,DRY ICE JEANS
821,BOY POLY VISICO SUIT
822,PURE COTTON POLO
823,"COTTON TRS  (711,311)"
824,T - SHIRT
825,3104W/67 3 PCS SUIT
826,RFS PW TRS A117/2
827,BOARD SHORTS
828,3209 TAIL JACKET ONLY
829,ASSORTED S/S SHIRTS
830,3600 POLY VISCOVE SUIT
831,CARGO PANT
832,TIE CLIP
833,BOY V069 SHIRT
834,MF SHIRT BOY
835,NZ 02 SUIT
836,BOY SHOES
837,8702 NAVY SUIT
838,1126/5 SUIT
839,N14 1203/6 SUIT
840,16153 SHOES
841,WORKWEAR JEAN
842,8944/633 SUIT
843,6365
844,K5018
845,SPECIAL MAKE SHOES
846,15501/2 & 3 BULK ORDER
847,SPORT JACKET  9246
848,8973 JACKET
849,16151 SHOES
850,KID POLY TRS
851,"1034 , 1090 BOY SHIRT"
852,1027/1 BOY SUIT
853,VARCE V TIE
854,VARCE HANKIE
855,8793 JACKET ONLY
856,SHINY BOW TIE
857,BRACE
858,3600/60 TRS
859,83020/7 SUIT SPECIAL
860,6103 & ELI  SHOES
861,MOJO SHIRT
862,8018
863,3474 SHIRT
864,KID V069 SHIRT
865,5502/5 VEST &  TRS PER SET
866,WING COLLAR SHIRT
867,SPECIAL CLEARANCE SUIT
868,F2017 SUIT
869,1027/1 BOY TRIM SUIT
870,MF WHITE W2 DINNER SUIT
871,MICRO STRETCH TRS
872,9346/3 SPORTS COAT
873,JM03 JACKET 
874,MICO STRETCH TRS
875,"F0191, F2017 SUIT"
876,3600/ 60 PV SUIT
877,8944/633 PV SUIT
878,81570/1 SUIT 
879,1943 SHIRT SPECIAL
880,5018/1 SPECIAL PV SUIT
881,17089/15 3 PCS SUIT
882,1059
883,1065
884,6501 JACKET
885,MF WHT/BLK W2 SUIT
886,1199/58 BOY SUIT
887,1090 SHIRT 1034 SHIRT MEN
888,SPECIAL MAKE FAT BOY TIE
889,SPECIAL MAKE BOW TIE
890,CIEC T-SHIRT
891,P/W PANTS GREY
892,COTTON SHIRT BOY SS
893,COTTON SHIRT GIRL SS
894,COTTON SHIRT MEN SS
895,P/W GIRLS SKIRT
896,NAVY SPORT SHORT
897,LADIES KNITTED CARDIGAN
898,1080/6 SHOES
899,TWIST SUIT
900,5502/4 BLK SUIT 
901,FASHION PV SUIT 82212/3 SUIT
902,K5018/6 TRS
903,BELTS IN BOX
904,"1031, 1312, S203 SHIRT"
905, BOY TRIM TRS / VEST
906,CHECK BOW TIE
907,1199/58 & 1027/1 TRIM SUIT
908,CLEARANCE PURE WOOL SUIT
909,W2 MF DINNER SUIT
910,TRACK PANT
911,SPECIAL SUIT
912,"SHOES 16149,51,53,54 "
913,81792/7 BOY SUIT 
914,"3104W/29,3104W/67,ZSU10 PURE WOOL SUITS"
915,ZSU010 SPECIAL
916,CP5545 TRS
917,3208 SUIT 2B
918,7862/5S SUIT
919,ZSU009 SUIT
920,"6366,6365,9637, SHOE"
921,"9024/241,1126,398/23,1203,7616 FASHION PV SUIT"
922,"31333,32106 PURE WOOL SUIT"
923,9246 POLY WOOL SPORTS COAT
924,"WINTER JKT JM02, "
925,1943 COTTON SHIRT
926,6103 LEATHER SHOE
927,JM06 SHORT WINTER JACKET
928,8018 COTTON SHIRT
929,CORDUROY JKT 8793
930,3104W SUIT
931,HJ JACKET 3603 
932,3474  SHIRT
933,4702 SHOE
934,8793 SPORT JACKET 
935,3603 JACKET
936,"8018/3, 8018/1 SHIRT"
937,12MM WHTIE SUIT
938,82212 SUIT SPECIAL
939,3104W/67 SUIT
940,MF WHITE W2 SUIT
941,MF WHITE W2 JACKET ONLY
942,WHITE W2 WITH BLK TRIM
943,5502/5 VEST
944,3855 JACKET 
945,4641 GREY JACKET 
946,028 JACKET 
947,"4702, ELI SHOES"
948,3208 CHAR SUIT 
949,9246/2 SPORT JACKET
950,MF W2 COLOUR DINNER SUIT
951,4641 JACKET
952,3104W/67 VEST
953,POLY VISCOVE VEST
954,"7616/1, 398/23 SUIT SPECIAL"
955,8930 JACKET
956,2014 KNIT #5
957,2014 KNIT #9
958,"ELI, TOBY SHOES"
959,MF WHITE WITH BLK TRIM W2 SUIT 
960,3474 SHIRT BOY
961,3474 MEN SHIRT
962,MF DINNER W2 JACKET ONLY
963,"1126/5, 398/23, 7616/1 SUIT"
964,"MF SUIT 3B CHAR, BONE, TAUPE"
965,MF SUIT 2B PETROL
966,MF SUIT 4B BLACK
967,MF FABRIC
968,36510/2 LOW WOOL VEST
969,8977/31 VEST
970,5998/12 VEST
971,BOY TRIM VEST
972,WORKWEAR V NECK NAVY
973,ELI SHOES
974,7862/5 SUIT & 5501/2 SUIT
975,2018/4 TRIM SUIT
976,
977,5502/4 SUIT 44R-1
978,3209 SUIT
979,"PB026, PB027 BELT ONLY"
980,POLY VISCOES
981,MF W2 DINNER SUIT WHITE
982,MF WHITE DINNER SUIT W2
983,"4607, ELI"
984,1203/6 & 1126/5 SUITS
985,"TOBY, ELI SHOES"
986,BOY 3474 SHIRT
987,KNITE #5
988,KNIT #6 & #9
989,BOW TIE CHEAP
990,J3603 JACKET
991,82212/7 FASHION PV SUIT
992,K50181 SUIT SPECIAL
993,"4702, 6103 SHOES"
994,7862/5 SUIT
995,7183/7 SLIM FIT PV SUIT
996,TOBY  & ELI SHOES
997,KNITS #5
998,KNITS #9 &  #6
999,6759 JUMPER
1000,KNITS CK LABEL
1001,MF W2 WHT / BLACK SUIT
1002,ISU005 (50685/4 SUIT)
1003,MF W2 DINNER SUIT
1004,7089/16 TRS
1005,BOY TRIM TRS & VEST
1006,398/28 W4 TRIM SUIT
1007,1144 WING COLLAR SHIRT
1008,6365 SHOES
1009,TOBY SHOES
1010,17089/2 TRS
1011,9346 SPORT COAT
1012,31081/2 W2 PURE WOOL SUIT
1013,COL TRS & VEST
1014,SPORT COAT 9246/2
1015,"2029/18, 2029/21 SUIT"
1016,398/23 SUIT  SPECIAL
1017,3474 SHIRTS
1018,MF BOY VEST
1019,7089/2 X POCKET TRS
1020,LAVA
1021,3474 KID SHIRT
1022,MF BOY TRS & VEST
1023,"1090 , 1034 BOY SHIRT"
1024,1390/9 SUIT
1025,310812 W2 1B 
1026,16149 SHOE
1027,3474 BOY SHIRT
1028,8944/633 SUIT NO TRIM
1029,"2029/21, 2029/18 TRS"
1030,"16149, 16151 SHOES"
1031,9024/241 NZ02
1032,7183/7 SUIT 
1033,"ELI, 6365 SHOES"
1034,LAVA LAVA
1035,"1027/2, 2029/18 SUIT"
1036,16154 SHOE
1037,ELI SHOE
1038,"16149, 16153 SHOE"
1039,POLY RIB VEST BONE 
1040,POLY RIB BONE SUIT 4B
1041,3208  / 3209 TAIL SUIT
1042,"31081/2 3B, ZSU008, ZSU011 SUIT "
1043,"16149,16154,16151,16153 SHOES"
1044,MF WHITE BOY SUIT
1045,3208 SPECIAL MAKE JACKET 
1046,FLORAL SUIT
1047,6516 SPORT JACKET
1048,1595 SPORT JACKET 
1049,2029/18 SUIT
1050,5502/4 JACKET ONLY 
1051,MF WHITE W2 BOY SUIT
1052,BELT
1053,SAINT RIVER SHIRT
1054,2014 POLO SHIRT 
1055,MF COLOUR SUIT
1056,LW 17089/13 NO TRIM SUIT
1057,MF W2 WHITE DINNER JACKET ONLY
1058,5502/4 SUIT SPECIAL PV
1059,"9246/2, 9346/6 SPORT COAT"
1060,MF WHITE W2 WHITE/BLK SUIT
1061,MF WHITE JACKET ONLY W2
1062,COTTON SHORTS
1063,CHIEL JEANS
1064,"5502/5 , 5502/4 SUIT"
1065,"V069,1034 SHIRT"
1066,81571/2 SUIT 
1067,2018/4 SUIT N14
1068,81570/1 VEST 
1069,8731/56 SUIT
1070,6516/4 SPORT COAT
1071,8093/17 SUIT SPECIAL
1072,37089/2 SUIT
1073,"1390/9, 7862/5S"
1074,MF WHITE W2 WITH BLACK TRIM SUIT
1075,MF BOY SHIRT
1076,PV VEST
1077,MF W2 WHT/BLACK DINNER JACKET
1078,TRIM VEST
1079,BOY 1090 SHIRT
1080,2014 COTTON POLO PACK OF 10
1081,2014 POLY POLO PACK OF 8
1082,"ELI, TOBY"
1083,MF WHITE DINNER W2 JACKET ONLY
1084,POLO T SHIRT
1085,F2017 VEST
1086,POLY POLO SHIRT
1087,8121 MOJO MEN SHIRT
1088,8121 MOJO MEN SHIRTS
1089,1090 SHT
1090,ISU006 SUIT
1091,MF W2 DINNER JACKET ONLY WITH BLACK LAPEL
1092,MF W2 DINNER JACKET WITH BLK LAPEL
1093,16151
1094,1059 JACKET
1095,8944/633 BOY TRS
1096,8944/723 N22 TRIM SUIT
1097,"16154, 16151 SHOES"
1098,MOJO MEN SHIRTS 8121
1099,MOJO MEN SHIRT 8121
1100,9346/6 SPOT COAT
1101,COTTON TRS 711
1102,MF G/PA SHIRT
1103,"TOBY, ELI"
1104,"16153,16149 SHOES"
1105,COTTON POLO SHIRT 2014
1106,"1412/2,131-1-7,131-3 POLO SHIRT"
1107,8944/723 TRIM SUIT
1108,8121 MOJO SHIRT
1109,9246/2 SPORT COAT
1110,1126/8 BLACK SUIT
1111,8944/723 SUIT NO TRIM
1112,6516 JACKET 
1113,"5786/3, 7089/16,2018/17 TRS"
1114,8944/723 N22 SUIT
1115,BOY PV TRS
1116,16151 BLACK SHOES
1117,8121 SHIRT MOJO MEN SHIRT
1118,MF W2 WHT/BLK JACKET ONLY
1119,"9246/2, 9346/6 SPORT JACKET"
1120,8944/633 NO TRIM SUIT
1121,G TRS
1122,PURE WOOL MORNING SUIT
1123,31081/2 W2 SUIT 1B
1124,MF WHITE W2 BLK COLLAR JACKET ONLY
1125,CUFFLINK CHEAP
1126,BOY 1034 SHIRT
1127,MF WHITE / BLK W2 JACKET
1128,ELI  / TOBY SHOES
1129,8093 SUIT
1130,MF WHITE W2 DINNER JACKET 
1131,15501/BLACK
1132,ELI & TOBY SHOES
1133,82212/3 CHAR SUIT
1134,7183/7 SUITQ
1135,81570/1 JACKET ONLY 2B
1136,1126/5 SUIT SPECIAL
1137,711 COTTON TRS
1138,"5708/1,5741/1,5731 KNITS"
1139,"6645/1,9783/1, 9734/1 KNITS"
1140,"RFS SLIM TIE, MC TIE"
1141,21896/2 SUIT 
1142,3104W/29 SUIT
1143,MOJO MAN SHIRT
1144,"2014 KNIT 5636/1,6759/1"
1145,21301/3 WITH 2 TRS SUIT
1146,6583 SHIRT
1147,9346/6 SPORT COAT
1148,MF DINNER W2 WHITE JACKET
1149,3208 TAIL SUIT
1150,A5330/39 SUIT
1151,8944/723 MAROON SUIT
1152,A5530/39 SUIT
1153,JW15 JACKET 
1154,8234 WOOL VEST
1155,CUFFLINK
1156,P/V VEST
1157,JW-15 JACK
1158,A5330 SUIT
1159,JW 15
1160,8793
1161, MF WHITE DINNER JACKET WHT/BLK
1162,"5654,5636,5641 KNITS"
1163,"9024/241 ,7616/1,1126/5,37089/2 SUIT "
1164,JM 02 JACKET
1165,FASHION PV SUIT 82212/7 SUIT
1166,MF W2 WHITE DINNER JACKET
1167,8793/1 JACKET ONLY 
1168,21238A/4C SUIT WITH 2 TRS
1169,KNIT POLO L/S
1170,9346/2 SPORT COAT
1171,VELVET JACKET ONLY BLUE
1172,CARRY BAGS BIG
1173,CARRY BAGS SMALL
1174,50685/4 SUIT 
1175,7183 SUIT 
1176,3104W/29 TRS 
1177,31808/7 TRS
1178,"2029/21, 18, 1199/8 BOY SUIT"
1179,"6759/1,9575/1,9575/9"
1180,KNITS POLO L/S
1181,"15501/3 , 15501/2 SUIT"
1182,CHEAP CUFF LINKS
1183,SD93375 JACKET
1184,ISU013 SUIT
1185,"005,016,028 JACKET"
1186,1544/5 SPORT COAT
1187,"15501/2 SUIT , 15501/3 SUIT,5502 SUIT"
1188,93375M JACKET
1189,1544 SPORT COAT
1190,"93375, 016,005,028 JACKET "
1191,"15501/2, 15501/3 SUIT"
1192,8793/5 SPORT COAT
1193,5682/1 KNIT
1194,8093/17 SUIT
1195,FATBOY TIE
1196,L/S COTTON POLO 
1197,22160/5 SUIT 
1198,1303/96 SUIT
1199,"15501/2,15501/3 SUIT "
1200,VELVET SUIT
1201,15501/2 TRS
1202,1280/5 SUIT
1203,"15501/3,15501/2 SUIT"
1204,8793 S/COAT
1205,1319 & 1303 SUIT
1206,9234 JUMPER
1207,1319/3 SUIT
1208,"1090, V069 SHIRT"
1209,LEAHTER JACKET
1210,ASSORTED PURE WOOL TRS
1211,15501/2 TRS & VEST
1212,15501 SUIT
1213,1303/96 JACKET ONLY
1214,MF WHITE DINNER JACKET W2
1215,1280 VELVET SUIT
1216,1544 SUIT
1217,1303 SUIT
1218,1319 SUIT
1219,22160 SUIT
1220,1319/3 BOY SUIT 
1221,1544 SPORTS COAT
1222,BOW TIE 
1223,1303/96 TRS
1224,15501/2 & 15501/3 SUIT
1225,1898/28 SUIT
1226,1503/1 SUIT
1227,15501/3 SUIT
1228,"KNITS WEAR 9575,5708"
1229,1390/9 & 8093/17 SUIT
1230,93393 JACKET 
1231,MF DINNER W2 JAKCET
1232,"1544/3, 1544/5 SPORTS COATS"
1233,"4702, 6365 SHOES"
1234,MF W2 DINNER WHITE JACKET ONLY
1235,1319 BLUE SUIT
1236,8944/682 W2 SUIT
1237,MIXED KNITS
1238,22160/5 BOY SUIT
1239,1034 MEN SHIRT
1240,168/1 SUIT
1241,MF W2 DINNER JACKET ONLY
1242,1319/3 MEN SUIT
1243,5110 SHIRT
1244,8944/732 SUIT
1245,1501 POLO SHIRT
1246,KNITS HW-10
1247,5501/2
1248,2 BUCKLE BELT
1249,MF TRS & VEST
1250,15501 VEST
1251,2 BUCKLES BELT IN BOX
1252,P1898/28 SUIT
1253,"1512/2,1513/9,1517/1,1512/1 PLAIN POLO SHIRT"
1254,NEW POLY COTTON POLO
1255,5110
1256,5330/39 SUIT 
1257,81792/7 SUIT
1258,BOY PV VEST & TRS
1259,NZ01
1260,NZ02
1261,ALL PHONE SHIRT
1262,RFS TRS  (CLEARANCE)
1263,ISU007 SUIT
1264,MF W2 JACKET WHITE / BLACK
1265,"15501/2 , 3 SUIT"
1266,"15501/2, 3 SUIT "
1267,JOEL SHOE
1268,1503/1 JACKET 
1269,"22160/4, 22160/5 SUIT"
1270,WHITE VEST WITH SATIN LAPEL W2
1271,22160/3 SUIT
1272,TWO BUCKLE BELT
1273,1319 BOY SUIT
1274,1034 SHIRT BOY
1275,17089/13 BOY SUIT (NO TRIM)
1276,JOEL
1277,1319 MEN SUIT
1278,JASON SHOE
1279,JASON
1280,"22160/3,4,5 SUIT"
1281,1280/6 NAVY SUIT
1282,"JOEL , JASON SHOE"
1283,31333/10 SUIT
1284,15501/2
1285,8944/721 SUIT
1286,3051 SHIRT
1287,"JOEL, JASON"
1288,MF COL TRS
1289,1504 POLY COTTON POLO SHIRT
1290,PURE COTTON POLO SHIRT
1291,MF SHIRT NAVY SPECIAL
1292,CARGO TRS
1293,6791/2 JACKET ONLY
1294,679/16 JACKET ONLY 
1295,3051 SHIRT L/S
1296,1898 SATIN LAPELL SUIT
1297,EMPTY CUFFLINK BOX
1298,168/1 W2 VELVET SUIT
1299,3051 L/S SHIRT
1300,3051 S/S SHIRT
1301,TOBY SHOE
1302,COTTON SHORT
1303,MF TRS & CO TRS
1304,15501/2 & 3
1305,3208 TAIL JACKET ONLY
1306,3474 BIG SIZE MEN SHIRT
1307,BOY MF W2 DINNER JACKET ONLY
1308,5031 SHIRT S/S
1309,"JASON, JOE"
1310,1501/1 POLO SHIRT
1311,1503/1 JACKET ONLY
1312,MF VEST
1313,2 TONE BOW TIE
1314,168/1 BLACK SUIT
1315,1837/13 BLUE JACKET ONLY
1316,1096 SHIRT
1317,"JOEL , ELI  SHOES"
1318,1096 S/S SHIRT
1319,22160/5 MEN SUIT
1320,REVERABLE BELT
1321,6835/5 JACKET ONLY
1322,POLY COTTON POLO
1323,17089 SUIT
1324,ASSORTED POLY COTTON POLO
1325,15501/2 SUIT`
1326,MF W2 WHITE BOY DINNER JKT
1327,1199/58 BOY TRIM SUIT
1328,RFS BLACK SUIT
1329,3208 SUIT W8
1330,TRACK PANTS
1331,ISU006 / 7862/5 SUIT
1332,"5502/4, 27187, 215224 SUIT"
1333,TOBY
1334,8944/723 BURG TRIM SUIT
1335,JM16 JACKET SPECIAL
1336,"KNITS 3032, 2120"
1337,MF BOY WHITE SUIT
1338,9346 SPORT JACKET
1339,"CLEARANCE KNIT 5654/1,9575/9"
1340,1544/3 SPOT JACKET
1341,BOY W2 JACKET ONLY
1342,"8018, 1986  SHIRT CLEARANCE "
1343,"JASON , TAN SHOES"
1344,6.5 CM &  5 CM MATT TIE
1345,N16 (37089/2 SUIT)
1346,BOY 22160/5 SUIT
1347,BOY 22160 SUIT
1348,"JM02,JM16 JACKET ONLY"
1349,BOY 8944/633 NO TRIM SUIT
1350,MF WHITE W2 DINNER JACKET ONLY
1351,5502/5 BEIGE SUIT
1352,HJ3603 JACKET
1353,1203/6 TRS
1354,MF WHITE SUIT
1355,MF W2 WHITE SUIT
1356,168/1 W2 VELVET SHAWL SUIT
1357,1985 SUIT
1358,VJ5132 JACKET
1359,"917, 987 JACKET "
1360,"2120,3032 KNITS"
1361,AF028 FABRIC POLY VISCO SUIT
1362,917 JACKET
1363,987 JACKET
1364,3208 W2 BOY SUIT
1365,17089/2 SUIT
1366,"2120, 3032 KNIT"
1367,JOE SHOE
1368,5132 VS JACKET
1369,2029/21 SUIT
1370,2029/21 BOY SUIT
1371,JASON SHOES
1372,HOXLEY JACKET 
1373,5132 JACKET 
1374,P - TIE
1375,5132 
1376,NEW KNITS 2016
1377,TW2 TAIL SUIT
1378,MF COLOURED SUIT
1379,BOYS POLY VISCOSE PV SUIT
1380,BOYS TRIM LW SUIT
1381,1034 KID SHIRT
1382,1985
1383,BOSTON SUIT
1384,22160 BOY TRS
1385,PC BUSINESS SHIRT
1386,D246 SUIT
1387,BOY MF WHITE SUIT
1388,1303/96 VEST
1389,D246 FAWN SUIT
1390,T128 SUIT 
1391,3208 BOY W2 SUIT
1392,15501/3 VEST
1393,246 SUIT
1394,"JOEL, JASON SHOE"
1395,T246 SUIT
1396,K3078/36 DOUBLE LAPEL W2 SUIT
1397,SPORT JACKET
1398,2016 SWEATER
1399,"TOBY, ELI SHOE"
1400,D123 SUIT
1401,6809 JACKET
1402,T128 BLACK SUIT
1403,BOY MF WHITE W2 DINNER SUIT
1404,MF BIG SIZE SHIRT
1405,"3104W/67, 2103/62, 1126/8B, 7616 SUIT"
1406,1985 TRS
1407,22160/5 TRS
1408,8944/633 TRS
1409,22160/5 BOY SUIT`
1410,2016 POLO
1411,CHEAP AB POLO
1412,T128/63 SUIT
1413,BAMBOO SOCKS 
1414,MICHEL TRAVEL BLAZER
1415,BAMBOO SOCK
1416,AUSTIN SHOES
1417,D63
1418,8018 & 1986 SHIRT
1419,KNIT POLO
1420,MILES COOPER SUIT
1421,UB COTTON SHORTS
1422,22160/5 SUITQ
1423,LINEN SHIRT
1424,1034 SHIT
1425,MF W2 DINNER JACKET 
1426,MERCER POLO
1427,T128 BOY SUIT
1428,15501/2 SUIT
1429,CHINO SHORT
1430, MF COL JACKET ONLY
1431,1629  & 1630 SHIRTS 
1432,"1630 SHIRT, 1629  SHIRT"
1433,1609 COTTON CHINO TRS LONG
1434,1629 & 1630 SHIRTS
1435,BOY T128 SUIT
1436,"1208/11, 1208/9 VELVET JACKET"
1437,"9548 , 4702  SHOES"
1438,FC SHIRT
1439,IP007 TRS
1440,COL VEST
1441,17089 NO TRIM SUIT
1442,V HANKY
1443,V BOW TIE
1444,3051  L/S SHIRT
1445,CHINO PANT
1446,1629 & 1630 SHIRT
1447,CHINO PANTS
1448,"D62, D63 SUIT"
1449,"1629 SHIRT, 1630 SHIRT"
1450,1143 FC SHIRT
1451,8944/633 BOY SUIT
1452,1506 SHIRT
1453,1706 SHIRT
1454,1056 SHIRT
1455,P2221/283 JACKET ONLY
1456,T128 TRS
1457,1498 LINEN SHIRT
1458,LADY SUIT
1459,2068/91 SUIT
1460,BOY D246 SUIT
1461,81792/2 SPECIAL OFFER
1462,BOY 81792/2 SUIT SPECIAL OFFER
1463,"MR 614/1, 902/1, 902/2, 615/3 POLO"
1464,"1034 RED , PINK,  AQUA"
1465,5910/6 JACKET ONLY
1466,JW16 JACKET
1467,5910 LINEN JACKET
1468,CHINO SHORTS
1469,BLACK / BROWN BELTS
1470,"V069 AQUA,PINK,LILAC,SKY"
1471,"1034 AQUA,RED"
1472,T128 BOY TRS
1473,1156 SHIRT
1474,1630 & 1629 SHIRT
1475,P TIE
1476,UB  & P TIE
1477,987 VS JACKET
1478,AF028 TRS
1479,6809 SPOT COAT
1480,T128 TRS & VEST
1481,"1629, 1630 SHIRT"
1482,D246
1483,5910 JACKET
1484,BON JACKET
1485,6501/1 JACKET
1486,2068/91 VEST
1487,917 & 987 JACKET ONLY
1488,"6321,6321/24,6221,6001,68791"
1489,V TIE
1490,"6321,6001,6227 KNIT"
1491,"917 , 987 JACKET"
1492,9268/13 TRS
1493,2029/18 TRS
1494,SHOE
1495,P1837/13 JACKET ONLY
1496,6809 JACKET ONLY
1497,"987, 917 JACKET"
1498,81792/2 & K5936/34 SUIT
1499,81792/2 & K5936/34 BOY SUIT
1500,BOY 6365 SHOE
1501,1776 TRS
1502,P1837 JAKCET ONLY
1503,JM15 JACKET SPECIAL
1504,917 & 987 JACKET
1505,2029/21 VEST
1506,D246 SUIT`
1507,1609 CHINO PANT
1508,1609 CHINO TRS
1509,2560 KNITS
1510,11495 JACKET
1511,"11495 KNITS, 8726/1 KNITS"
1512,JIMI SHOE
1513,JIMI SHOES
1514,"JASON, JOE, AUSTIN SHOES"
1515,"8703/1, 8610 KNITS"
1516,1629 SHIRT
1517,1107/4 SPOT JACKET
1518,"JM16, JW15 JACKET"
1519,9637 SHOE
1520,JIMI  SHOES
1521,HJ3603 HOXLEY JACKET 
1522,FLEECE JACKET
1523,NO FUR HOODY
1524,81792/2 SUIT 
1525,T128 W2 WITH LAPEL SUIT
1526,1606 & 3406 SHIRT
1527,2269/7 SUIT BLUE
1528,8944/633 & T128/63 VEST
1529,3506 & 3406 SHIRT
1530,2269/7 SUIT
1531,T128/63 W2 WITH BLACK LAPEL
1532,"1630, 1629 SHIRT"
1533,3250 SHIRT
1534,MF SUIT BLACK
1535,2119 PURE WOOL SUIT
1536,"3406, 1606 SHIRT"
1537,"6791/2, 6516/4 JACKET"
1538,6366 WHITE SHOES
1539,9670/701
1540,PAISLEY TIE
1541,SUIT BAGS (ROLL)
1542,15502/5 SUIT
1543,P2232/61 SUIT
1544,2017 POLO 17042 *****
1545,1609  CHINO TRS
1546,1606 SHIRT 
1547,"POLO SHIRT WHITE, BLACK, NAVY"
1548,17 POLO
1549,17 MR POLO SHIRT
1550,17 MR POLO
1551,17 POLO SHIRT
1552,9670/701 SUIT
1553,T128 W2 DINNER SUIT
1554,EPTON SHIRT
1555,BOY 80181 SHIRT
1556,T128 W2 SUIT
1557,9670/701 GREY CHECK SUIT
1558,LINEN S/S SHIRT (1488)
1559,2017 POLO 
1560,1657 JACKET
1561,1303/96 SHINNY BOY BLACK SUIT
1562,9670 GREY SUIT
1563,1303/96 SHINNY MEN SUIT
1564,K3078/36 W2 SUIT
1565,B845/101 W2 JACKET ONLY
1566,P2239/112 W2
1567,B790 SUIT
1568,"P1837/6, P1837/15 JACKET ONLY"
1569,P2288/783 BURG
1570,81792/2 CLEARANCE
1571,T128 JACKET ONLY
1572,YF SHIRT
1573,1630 SHIRT
1574,"VARCE TIE (V TIE), PAISLEY"
1575,2133/231 CHAR SUIT
1576,"K5936/34, 81792/2, 81570/1 SUIT"
1577,"1027/1, 1027/2, 5502/4 SUIT"
1578,B845 W2 JACKET ONLY
1579,T128 BLACK BOY TRS
1580,"KELVIN , DYLAN SHOES"
1581,COOL DRY POLO
1582,AO TIE
1583,CLEARANCE SHOES
1584,1149 SHIRT
1585,RFS TRS
1586,62577 SUIT
1587,5910 LINEN JACKET ONLY
1588,62577/174 SUIT
1589,5910 / 52 JACKET
1590,2269/7 BLUE SUIT
1591,62577/174. 62577/171 SUIT
1592,"9670/703, 701 SUIT"
1593,1034 BOY SHIRT
1594,POLY VISICO SUIT 8944/633
1595,1609 CHINO SHORT AND PANT
1596,DYLAN TAN SHOES
1597,B790/ BROWN SUIT
1598,DYLAN
1599,"1657,5132 JACKET "
1600,"DYLAN , AUSTIN"
1601,D246 BLUE SUIT
1602,9670 CHAR SUIT
1603,1544/6 S /COAT
1604,6809 TAUPE S/COAT
1605,"6791/BLACK, NAVY"
1606,"1034, 1090  BOY SHIRT"
1607,P1837 JACKET 
1608,8702//2 JACKET ONLY
1609,PLAIN POLO
1610,1238/1 SUIT
1611,1629
1612,8641 LEATHER JACKET
1613,62577/171 SUIT
1614,8903 SUIT
1615,T128 BOY 
1616,1090 SHIRT BOY
1617,22160 JACKET
1618,UB MATT TIE
1619,MF DB SUIT
1620,EPTOM SHIRT
1621,JOE
1622,BOY MF WHITE W2 JACKET ONLY
1623,1149 SHIRTS
1624,11495 JACKET  ONLY
1625,93393 JACKET ONLY
1626,"1144 FC, 1149 WC SHIRT"
1627,KELVIN SHOES
1628,33758 PURE WOOL SUIT
1629,T128 SUIT BOY
1630,2 BUCKLE BELT SET
1631,31226 NAVY SUIT
1632,8692 KNIT WEAR
1633,3226 SHIRT
1634,"1027/1, 1199/58 SUIT"
1635,1602 JACKET ONLY
1636,2120  KNIT WEAR
1637,1657  
1638,SD93393 JACKET
1639,8830 KNIT WEAR
1640,3326 SHIRT 
1641,31225 PURE WOOL SUIT
1642,"P1837/15, 13 JACKET ONLY"
1643,"P1837/15 , 13 JACKET ONLY "
1644,TOMPSON CARGO PANTS
1645,OGL TAIL SUIT
1646,RUGBY TOPS
1647,ZIP HOODY 29438
1648,2560 KNIT
1649,BOY WHITE W2 DINNER JACKET ONLY
1650,"8066,9080,9080,8081,8067,8066 BOY SHIRT"
1651,YH & YF SHIRTS
1652,WORKWEAR DENIM TOP
1653,1608 JACKET
1654,1544 PW SPORTS COAT
1655,6791 JACKET
1656,LINEN JACKET 5910
1657,11691 JACKET
1658,JM16
1659,T128  SUIT
1660,T128 W2 SUIT WITH LAPEL
1661,1280 VELVET JACKET
1662,JW15
1663,BOY 6365 SHOES
1664,B845 JACKET
1665,7089 TRIM SUIT
1666,BELTS IN BOXED
1667,1056 BOY SHIRT
1668,1056 MEN SHIRT
1669,1281 VELET W2 JACKET 
1670,T128 VEST
1671,VACE TIE
1672,BETTS SHOE
1673,T128 MEN SUIT
1674,P2241 2B SUIT
1675,P2051 W2 JACKET ONLY
1676,NEW PATTERN TIES
1677,NEW UB TIE
1678,"JASON, 6365, DYLAN SHOES"
1679,1034 SHIRT
1680,P1985 POLY WOOL SUIT
1681,YH SHIRT
1682,"1281 VELVET W2 JACKET, P16"
1683,MF SHIRT L/S W
1684,3208 OGL TAIL SUIT
1685,P1837 LEAF PATTERN JACKET 
1686,B845 PV PATTERN DINNER JACKET
1687,HOODY HL11691
1688,JIMMI SHOES
1689,P2241 SUIT
1690,P2051 JACKET ONLY
1691,T128 W2 WITH LAPEL
1692,T128 
1693,P2051 BLACK JACKET
1694,BOY MF W2 JACKET
1695,1281 VELVET JACKET
1696,P2051 JACKET
1697,"P1837, B845 JACKET"
1698,P2051 W2 JACKET
1699,1629;
1700,JIMMY BOOTS
1701,P2241
1702,VELVET JACKET
1703,P1837 W2 JACKET ONLY
1704,CONSTANT SHIRT
1705,CONSTANT JEANS
1706,JB TIE
1707,UB TIE
1708,8944 SUIT (WITH TRIM)
1709,"6365, JASON"
1710,"VARCE SATIN TIE8CM, 5CM"
1711,TRIM BOY VEST
1712,1630
1713,81570 VEST
1714,8944 PV TRS
1715,AF028 TR
1716,HL11691 JACKET
1717,11691M JACKET
1718,RFS WHIRT
1719,BAMBOO SHIRT L/S
1720,"MF VEST, TRS"
1721,"TRENT, JUSTIN SHOES"
1722,1608 JACKET ONLY
1723,15502 BEIGE SUIT
1724,8944 NO TRIM
1725,BAMBOO SHIRT COL
1726,62577
1727,K5936 SUIT
1728,P2051 W2JA SLIM
1729,"B845, P2051 JACKET"
1730,1281 VELVET JACKET ONLY
1731,P16 JACKET ONLY
1732,L3600 PV SELF STRIPE SUIT
1733,5110 PC SHIRT
1734,5910
1735,P1818 JACKET
1736,1281 W2 JACKET BURGUNDY
1737,T128 W2
1738,P16 PAISLEY DINNER JACKET 
1739,81792 K5936 VEST
1740,"D246, 22160 TRIM"
1741,P2241 TRIM
1742,JM 16
1743,"1057, 1058 SHIRT"
1744,T128 PV
1745,"MF W2, 5910  LINEN JACKET"
1746,"62577 PW, P2241 SUIT"
1747,UB CHECK SHIRT
1748,2269 SUIT
1749,D246 VEST&TR
1750,BAMBOO L/S SHIRT
1751,1609 CHINO PANTS
1752,TRIM TR
1753,CARRY BAG
1754,P1985 SUIT
1755,22160 TR
1756,8944 PV SUIT
1757,P2087 JACKET
1758,3474 NT SHIRT
1759,PUFF VEST
1760,D177 SUIT
1761,"1629, 1630,1034, 5110, 1056, 1149 SHIRT"
1762,1090 BOY
1763,1027 BOY SUIT
1764,5502 SUIT
1765,18 POLO SHIRT
1766,K5936 BOY TR
1767,TRIM BOY
1768,BOY 3208 W2 SUIT
1769,B845 W2 JACKET
1770,BAMBOO SHIRT
1771,BAMBOO POLO SHIRT
1772,1281 VELVET W2
1773,2 BUCKLE BELT IN BOX
1774,BELT BOXED
1775,B845  JACKET ONLY
1776,B6365 BOY SHOES
1777,2018 POLO
1778,MF SHIRT L/S
1779,MF S/S SHIRT
1780,2017 POLO (MR)
1781,DENIM SHORTS
1782,1629 BOY SHIRT 
1783,18 POLO
1784,BAMBOO SHIRTS 
