priceid,sku,title,Customer,Price
15998,1517,1107/4 SPOT JACKET,LOWES MENSWEAR,60 / 75 BIG SIZE
15999,669,5502/4 SUIT,,90 BIG SIZE
16000,1443,V BOW TIE,CALLUCCI MENSWEAR,6
16001,1518,"JM16, JW15 JACKET",EDDYE'S,45
16002,1510,11495 JACKET,STEVE MENSLAND 5% DISCOUNT,20 (NET PRICE NO 5% DISCOUNT)
16003,1510,11495 JACKET,MOSS CLOTHING,18
16004,1454,1056 SHIRT,THE WEDDING SHOPPE - DUBBO,22 / 25 
16005,1519,9637 SHOE,WILLIAM PANTHER,35
16006,1335,JM16 JACKET SPECIAL,SHIVAN 7 (OXY WEAR),40
16007,1453,1706 SHIRT,BOULTERS MENSWEAR (5% DISCOUNT),22
16008,1520,JIMI  SHOES,BOULTERS MENSWEAR (5% DISCOUNT),45
16009,1050,5502/4 JACKET ONLY ,MURRHY'S DRAPERY,35
16010,535,3208 W2 SUIT,GEORGE GOOLEY,95
16011,526,PC SHIRT,AVESTA TAILORING,8
16012,1390,T128 SUIT ,EDGE SUIT OUTLET & RENTALS,75 / 21 
16013,878,81570/1 SUIT ,ELITE SHOP,45 SPECIAL
16014,1521,HJ3603 HOXLEY JACKET ,GARRY ANTHONY MENSLAND,20
16015,1363,987 JACKET,GARRY ANTHONY MENSLAND,20 (21/07/2017) NO 5% DISCOUNT
16016,1153,JW15 JACKET ,GARRY ANTHONY MENSLAND,45
16017,1522,FLEECE JACKET,GARRY ANTHONY MENSLAND,20
16018,1335,JM16 JACKET SPECIAL,GARRY ANTHONY MENSLAND,45
16019,1523,NO FUR HOODY,"NO 12 / 21-RFS, CHERMSIDE",9.5
16020,1197,22160/5 SUIT ,LEOTTA'S EMPROIUM,75 / 22.5 
16021,444,RFS/AF028 TRS,LEOTTA'S EMPROIUM,16.5
16022,1197,22160/5 SUIT ,BRIDAL EMPORIUM,75 / 22.50TRS VEST 65/20BOY
16023,851,"1034 , 1090 BOY SHIRT",STREET SMART CLOTHING,20
16024,1390,T128 SUIT ,COPPARDS,"75 / 22.50, 65/19.5 BOY"
16025,1240,168/1 SUIT,BRIDAL EMPORIUM,89 / 109 BIG SIZE
16026,1524,81792/2 SUIT ,"MICK T""S CLOTHING",50
16027,535,3208 W2 SUIT,GENTLEMENTS OUTFITS --CHAR,95 / 38.5 
16028,1525,T128 W2 WITH LAPEL SUIT,"NO 12 / 21-RFS, CHERMSIDE",80 / 95 BIG / 19.5
16029,1516,1629 SHIRT,JOVITA'S BRIDAL BOUTIQUE,20 / 23 BIG
16030,1526,1606 & 3406 SHIRT,"NO 12 / 21-RFS, CHERMSIDE",20 / 23 BIG
16031,1453,1706 SHIRT,SUITS DIRECT PTY LTD,22 / 25
16032,1447,CHINO PANTS,ZIBARA,20  (18.5 NEED OVER 100 PCS)
16033,1527,2269/7 SUIT BLUE,THE WEDDING SHOPPE - DUBBO,79.00 / 23
16034,1528,8944/633 & T128/63 VEST,COLBEST DESIGN,18
16035,1529,3506 & 3406 SHIRT,"NO 12 / 21-RFS, CHERMSIDE",20 / 23 BIG
16036,1386,D246 SUIT,BRUNO MOBILE SUITS,85 / 23 
16037,1359,"917, 987 JACKET ",BONAMAN-BROADMEADOWS,25
16038,1454,1056 SHIRT,STREET SMART CLOTHING,22
16039,1149,3208 TAIL SUIT,FORMALWEAR 2 SUIT U,140
16040,1454,1056 SHIRT,BRIDAL EMPORIUM,22
16041,1530,2269/7 SUIT,JOE LICHAA,75 / 90  / 22.50
16042,1531,T128/63 W2 WITH BLACK LAPEL,JOE LICHAA,79.00 / 89 BIG
16043,1390,T128 SUIT ,BOULTERS MENSWEAR (5% DISCOUNT),75 /22.50
16044,1386,D246 SUIT,GENTLEMENTS OUTFITS --CHAR,85 / 135 BIG / 25 / 30.5 BIG T &V 
16045,1532,"1630, 1629 SHIRT",MODERN MALE MENSWEAR,20 / 23 BIG
16046,1533,3250 SHIRT,"NO 12 / 21-RFS, CHERMSIDE",20 / 23 BIG
16047,1516,1629 SHIRT,M&S,20 / 23 
16048,1373,5132 JACKET ,CALABRO,35 / 40 BIG
16049,1386,D246 SUIT,MAN UNITED,89 / 23 
16050,1534,MF SUIT BLACK,ALL THINGS WEDDING,65 / 75 BIG
16051,1390,T128 SUIT ,MAVERIC CLOTHING,62 / 77 BIG / 18 / 23.5 BIG
16052,1453,1706 SHIRT,MODERN MALE MENSWEAR,25 / 28 BIG
16053,1400,D123 SUIT,MODERN MALE MENSWEAR,89
16054,1390,T128 SUIT ,WHYTES  CLOTHING,75 / 21
16055,1516,1629 SHIRT,BONAMAN-F/F 22/04/15,18 / 21 BIG
16056,1535,2119 PURE WOOL SUIT,"NO 12 / 21-RFS, CHERMSIDE",150/180BIG/45
16057,1390,T128 SUIT ,LOWES MENSWEAR,65/80BIG/19.5/25BIG TRS VEST
16058,1390,T128 SUIT ,DAVID MARCS FORMAL HIRE,65/19.5 TRS
16059,1516,1629 SHIRT,DAVID MARCS FORMAL HIRE,22/25BIG
16060,1390,T128 SUIT ,STANLEY JOHNS,65/80 BIG/19.5/25TRS
16061,1516,1629 SHIRT,,"22/25 BIG/35 7,8,9XL"
16062,877,8944/633 PV SUIT,ALL THE RAGE,75
16063,1386,D246 SUIT,ALL THE RAGE,89
16064,1516,1629 SHIRT,BLACK TIE CLASSIC,20/ 23BIG
16065,1020,LAVA,M&S,25
16066,1536,"3406, 1606 SHIRT",BONAMAN-F/F 22/04/15,18 / 21 BIG
16067,1432,"1630 SHIRT, 1629  SHIRT",MAN UNITED,22.5 / 25.5 BIG
16068,1390,T128 SUIT ,JIMANI CLOTHING,65 / 80 BIG
16069,1478,AF028 TRS,JIMANI CLOTHING,14
16070,1453,1706 SHIRT,MAN UNITED,24 / 27 BIG
16071,327,WC SHIRT,JACK SIMMONS,22
16072,1079,BOY 1090 SHIRT,JUDD'S MENSWEAR,18.5
16073,1483,5910 JACKET,PAULS DISCOUNT JEANERY,65
16074,1537,"6791/2, 6516/4 JACKET",PAULS DISCOUNT JEANERY,40
16075,822,PURE COTTON POLO,JOE LICHAA,16.5
16076,1530,2269/7 SUIT,ELITE SHOP,65
16077,1390,T128 SUIT ,NODDY'S,65 / 19.5
16078,1453,1706 SHIRT,BEST DRESSED MAN,22 / 25 BIG
16079,1390,T128 SUIT ,GENTLEMENTS OUTFITS --CHAR,75
16080,1538,6366 WHITE SHOES,BONAMAN-BROADMEADOWS,30
16081,1453,1706 SHIRT,SWANNIES MENSLAND,25 / 28 BIG
16082,1539,9670/701,JIMANI CLOTHING,"75 / 22.5 , JACKET ONLY 60.00"
16083,1390,T128 SUIT ,JON KELL @ 23/05/2013 UP DATE,62.5 / 77.5BIG / 18 /23.5 BIG
16084,1540,PAISLEY TIE,JON KELL @ 23/05/2013 UP DATE,8.5
16085,1541,SUIT BAGS (ROLL),REUBEN F. SCARF NEWCASTLE / CHERMSIDE,80
16086,150,"1034 SHIRT  , 1090 SHIRT",ALL THINGS WEDDING,20 / 23 BIG
16087,1027,3474 BOY SHIRT,BLACK TIE BY XAVIER,20
16088,1111,8944/723 SUIT NO TRIM,ELITE SHOP,79.00 / 19.25
16089,1542,15502/5 SUIT,LOWES MENSWEAR,65  /23
16090,1530,2269/7 SUIT,"NO 12 / 21-RFS, CHERMSIDE",65
16091,1516,1629 SHIRT,CLYDE TREATS PETITE YUM,22 / 25 BIG
16092,1454,1056 SHIRT,SUITS DIRECT PTY LTD,22 / 25  BIG
16093,1390,T128 SUIT ,GOLDERS MENSWEAR,75 / 90 BIG
16094,1453,1706 SHIRT,GLEESONS MERCERY,25 / 28 BIG
16095,1543,P2232/61 SUIT,CAPTUREYES,85 /25 
16096,150,"1034 SHIRT  , 1090 SHIRT",LEOTTA'S EMPROIUM,22 / 25 BIG
16097,1544,2017 POLO 17042 *****,"NO 12 / 21-RFS, CHERMSIDE",12.5
16098,308,VARCE TIE,ALL THINGS WEDDING,10
16099,633,VARCE BOW TIE,ALL THINGS WEDDING,6
16100,1545,1609  CHINO TRS,PAULS DISCOUNT JEANERY,19
16101,1546,1606 SHIRT ,PAULS DISCOUNT JEANERY,18
16102,1547,"POLO SHIRT WHITE, BLACK, NAVY",PAULS DISCOUNT JEANERY,6
16103,1516,1629 SHIRT,SUITS DIRECT PTY LTD,22 / 25 BIG
16104,1548,17 POLO,DOUG WATSONS,11.5
16105,1549,17 MR POLO SHIRT,DOUG WATSONS,20
16106,1548,17 POLO,JACK SIMMONS,11.5
16107,1390,T128 SUIT ,MAN UNITED,65 / 75 BIG
16108,1550,17 MR POLO,BROWNS MENSLAND 02/02/10,20
16109,1551,17 POLO SHIRT,BROWNS MENSLAND 03/02/10,11.5
16110,1550,17 MR POLO,BROWNS MENSLAND 03/2/10,20
16111,1552,9670/701 SUIT,SUITS 2U,85 / 23 / 115 BIG
16112,1548,17 POLO,BONAMAN-F/F ,10.5
16113,1553,T128 W2 DINNER SUIT,,80 / 95 BIG / 19.80
16114,1554,EPTON SHIRT,BONAMAN-F/F 22/04/15,10
16115,1555,BOY 80181 SHIRT,MS MENSWEAR- CAMPBELLTOWN,15.5
16116,1390,T128 SUIT ,ALL THINGS WEDDING,65 / 19.50
16117,1556,T128 W2 SUIT,JUST FORMAL - DARWIN,80
16118,1390,T128 SUIT ,SUITS 2U,65 / 19.5 / 80 BIG / 25 BIG
16119,1390,T128 SUIT ,THE ELEGANCE TAILORING,65 / 25 
16120,1557,9670/701 GREY CHECK SUIT,"NO 12 / 21-RFS, CHERMSIDE",75/ 22.50
16121,1300,3051 S/S SHIRT,PAULS DISCOUNT JEANERY,15
16122,1318,1096 S/S SHIRT,PAULS DISCOUNT JEANERY,15
16123,1558,LINEN S/S SHIRT (1488),PAULS DISCOUNT JEANERY,18
16124,1390,T128 SUIT ,GLEESONS MERCERY,65 / 19.5 / BIG 75 / 25
16125,1559,2017 POLO ,STREET SMART CLOTHING,12.5
16126,1516,1629 SHIRT,EDDYE'S,22
16127,459,V069 SHIRT,EDDYE'S,22 / 25 BIG
16128,1548,17 POLO,MILTONS GEAR,11.5
16129,1364,3208 W2 BOY SUIT,"NO 12 / 21-RFS, CHERMSIDE",70 / 21
16130,1052,BELT,MS MENSWEAR-CAMPBELLTOWN,11
16131,1238,22160/5 BOY SUIT,M&S,65 / 20 
16132,322,9637,THE HUT MENSWEAR,35
16133,535,3208 W2 SUIT,MAN UNITED,95 / 115 BIG
16134,1390,T128 SUIT ,VELE / SNK ,65 / 19.5 / 80 /25 BIG
16135,1560,1657 JACKET,DOUG WATSONS,39
16136,1427,T128 BOY SUIT,SPOT ON FASHION,55 / 16.5 
16137,1238,22160/5 BOY SUIT,FORMAL IMAGE,65
16138,1427,T128 BOY SUIT,THE ELEGANCE TAILORING,55 / 16.50
16139,1561,1303/96 SHINNY BOY BLACK SUIT,THE ELEGANCE TAILORING,65
16140,1562,9670 GREY SUIT,THE ELEGANCE TAILORING,75.00 / 22.50
16141,1445,CHINO PANT,THE ELEGANCE TAILORING,20
16142,1563,1303/96 SHINNY MEN SUIT,THE ELEGANCE TAILORING,85
16143,1564,K3078/36 W2 SUIT,THE ELEGANCE TAILORING,85
16144,1565,B845/101 W2 JACKET ONLY,THE ELEGANCE TAILORING,75
16145,1566,P2239/112 W2,THE ELEGANCE TAILORING,85
16146,1567,B790 SUIT,JIMANI CLOTHING,89
16147,1152,A5530/39 SUIT,THE ELEGANCE TAILORING,75
16148,1568,"P1837/6, P1837/15 JACKET ONLY",THE ELEGANCE TAILORING,75
16149,1569,P2288/783 BURG,THE ELEGANCE TAILORING,85
16150,1570,81792/2 CLEARANCE,ROMEO & JULIET,85 ALL SIZE
16151,1451,8944/633 BOY SUIT,THE ELEGANCE TAILORING,55 / 16.5
16152,1516,1629 SHIRT,CALABRO,20 / 23 BIG
16153,1516,1629 SHIRT,LOWES MENSWEAR,22 / 25 BIG
16154,1454,1056 SHIRT,THE ELEGANCE TAILORING,20 ALL SIZE / BOY 19
16155,1473,1156 SHIRT,THE ELEGANCE TAILORING,22 / 25 BIG
16156,1571,T128 JACKET ONLY,JIMANI CLOTHING,50 / 57.5 BIG
16157,1480,T128 TRS & VEST,JIMANI CLOTHING,16.5 / 22 
16158,1572,YF SHIRT,"NO 12 / 21-RFS, CHERMSIDE",25
16159,1373,5132 JACKET ,JOE LICHAA,39/ 44 BIG
16160,1516,1629 SHIRT,MILTONS GEAR,19 / 22 BIG
16161,1573,1630 SHIRT,MILTONS GEAR,20 / 23 BIG
16162,1574,"VARCE TIE (V TIE), PAISLEY",FORMALWEAR 2 SUIT U,10
16163,1562,9670 GREY SUIT,SHIVAN 7 (OXY WEAR),75 /19.80 
16164,1548,17 POLO,WALLACE & CO,11
16165,1575,2133/231 CHAR SUIT,BONAMAN-BROADMEADOWS,45.00 (IF TAKE ALL 30 PER SUIT)
16166,1576,"K5936/34, 81792/2, 81570/1 SUIT",GRANT RULES MENSWEAR,SPECIAL OFFER 55.00
16167,1577,"1027/1, 1027/2, 5502/4 SUIT",GRANT RULES MENSWEAR,SPECIAL OFFER 50.00
16168,1578,B845 W2 JACKET ONLY,"NO 12 / 21-RFS, CHERMSIDE",75
16169,1248,2 BUCKLE BELT,"NO 12 / 21-RFS, CHERMSIDE",15
16170,1551,17 POLO SHIRT,PAULS DISCOUNT JEANERY,10
16171,1579,T128 BLACK BOY TRS,CARNARVON MENSWEAR 5% DISCOUNT,18.54
16172,1390,T128 SUIT ,FIRST IMPRESSION,65 / 19.50 
16173,1580,"KELVIN , DYLAN SHOES","NO 12 / 21-RFS, CHERMSIDE",38.5
16174,1516,1629 SHIRT,ROMEO & JULIET,19.00 / 22 BIG
16175,1429,CHINO SHORT,ZIBARA,15
16176,1556,T128 W2 SUIT,BONANNO'S MENSWEAR,80 / 19.5
16177,654,1090 SHIRT ,OPAL MALE FASHION ,20 / 23 Big
16178,1390,T128 SUIT ,FORMAL HIRE ARE US,75 / 22.50 / 90 BIG
16179,1550,17 MR POLO,"NO 12 / 21-RFS, CHERMSIDE",25
16180,1581,COOL DRY POLO,"NO 12 / 21-RFS, CHERMSIDE",2.5
16181,1560,1657 JACKET,"NO 12 / 21-RFS, CHERMSIDE",40 / 45 IG
16182,150,"1034 SHIRT  , 1090 SHIRT",MENSLAND PORT PIRIE,18.50 / 21.5 BIG
16183,1445,CHINO PANT,SUITS DIRECT PTY LTD,22
16184,1556,T128 W2 SUIT,ELITE SHOP,75 / 19.5 
16185,5,COLOUR SUIT,BRUNO MOBILE SUITS,75.90 / 21.00
16186,535,3208 W2 SUIT,HOUSE OF ALBERT,95 / 35 (23/05/2018)
16187,1516,1629 SHIRT,MS MENSWEAR-CAMPBELLTOWN,18 / 21 BIG
16188,1582,AO TIE,"NO 12 / 21-RFS, CHERMSIDE",5
16189,842,8944/633 SUIT,JIMANI CLOTHING,75 / 22.5 
16190,1456,T128 TRS,KELLY COUNTRY,19.5
16191,757,CLEARANCE SHIRT,ELITE SHOP,7
16192,1583,CLEARANCE SHOES,ELITE SHOP,18.18
16193,1584,1149 SHIRT,ELITE SHOP,22.50 ALL SIZE
16194,1585,RFS TRS,CONSTANT,14.5
16195,468,PV TRS,CONSTANT,17.5
16196,626,TRIM TRS,CONSTANT,22
16197,467,PV SUIT,CONSTANT,60
16198,1390,T128 SUIT ,BYRNE CLOTHING,65 / 19.5 / 80 BIG / 25
16199,1586,62577 SUIT,ANNA RO,75 / 22.5 
16200,1478,AF028 TRS,MAVERIC CLOTHING,18
16201,1472,T128 BOY TRS,MICHAEL MUSARRA,16.5
16202,535,3208 W2 SUIT,LITTLE BLUE BRIDAL,99 /38.50
16203,961,3474 MEN SHIRT,CASA'S DEL,22
16204,1390,T128 SUIT ,MILTONS GEAR,"65 / 19.5, 80 BIG, +10 LAPEL"
16205,1587,5910 LINEN JACKET ONLY,STREET SMART CLOTHING,65
16206,1588,62577/174 SUIT,WALLACE & CO,85
16207,1589,5910 / 52 JACKET,WALLACE & CO,75
16208,220,BRACES,WALLACE & CO,10
16209,1590,2269/7 BLUE SUIT,C & K COLLECTION,70
16210,1591,62577/174. 62577/171 SUIT,MODERN MALE MENSWEAR,85
16211,1592,"9670/703, 701 SUIT",MODERN MALE MENSWEAR,75
16212,1495,P1837/13 JACKET ONLY,JENNY CAI FASHION / EASY CLOTHING,60
16213,53,MAVERICK SUIT,WILLIAM PANTHER,65 / 85 BIG
16214,1516,1629 SHIRT,THE HUT MENSWEAR,25 / 28 BIG
16215,1593,1034 BOY SHIRT,DAVID MARCS FORMAL HIRE,20
16216,1427,T128 BOY SUIT,DAVID MARCS FORMAL HIRE,55 / 16.5
16217,53,MAVERICK SUIT,FORMAL IMAGE,82.5
16218,1473,1156 SHIRT,FORMAL IMAGE,22 / 25 BIG
16219,1516,1629 SHIRT,JUST FORMAL - DARWIN,22 / 25 
16220,1390,T128 SUIT ,DAVID'S MENSWEAR,70/21
16221,1390,T128 SUIT ,STEWARTS DEPT STORE,75 / 21 / BIG 90 /26.5
16222,1594,POLY VISICO SUIT 8944/633,THE SHOP FOR MEN,75 / 100 BIG / 21 trs & vest
16223,1595,1609 CHINO SHORT AND PANT,THE SHOP FOR MEN,25
16224,1596,DYLAN TAN SHOES,THE SHOP FOR MEN,38.5
16225,738,1090,MS MENSWEAR-CAMPBELLTOWN,21
16226,1597,B790/ BROWN SUIT,THE ELEGANCE TAILORING,80
16227,1573,1630 SHIRT,DAVID'S MENSWEAR,22
16228,1556,T128 W2 SUIT,FORMALWEAR 2 SUIT U,80
16229,1598,DYLAN,ELITE SHOP,32.5
16230,1599,"1657,5132 JACKET ",BONAMAN-F/F 22/04/15,"39, 44 BIG"
16231,740,MF SHIRT ,ZEYBEND PTY LTD,18 / 21 BIG
16232,1600,"DYLAN , AUSTIN",THE HUT MENSWEAR,38.5
16233,1601,D246 BLUE SUIT,MS MENSWEAR- CAMPBELLTOWN,79 / 99 BIG / 20 /25.5 BIG
16234,1435,BOY T128 SUIT,MENSLAND PORT PIRIE,52.5 / 16.5 
16235,1427,T128 BOY SUIT,RUNDLE TAILORING,55 / 16.5 
16236,1602,9670 CHAR SUIT,JOE LICHAA,85 / 25 
16237,1603,1544/6 S /COAT,"NO 12 / 21-RFS, CHERMSIDE",45
16238,1604,6809 TAUPE S/COAT,"NO 12 / 21-RFS, CHERMSIDE",45
16239,1605,"6791/BLACK, NAVY","NO 12 / 21-RFS, CHERMSIDE",35
16240,1606,"1034, 1090  BOY SHIRT",E - MALE LIFESTYLE,21
16241,1607,P1837 JACKET ,"NO 12 / 21-RFS, CHERMSIDE",79
16242,1560,1657 JACKET,TOWNCARS,50 / 55 BIG
16243,1478,AF028 TRS,TOWNCARS,20
16244,1608,8702//2 JACKET ONLY,TOWNCARS,65
16245,150,"1034 SHIRT  , 1090 SHIRT",TOWNCARS,18.5
16246,1243,5110 SHIRT,FORMAL IMAGE,21 / 24 BIG
16247,1609,PLAIN POLO,MICK T'S CLOTHING,5
16248,1447,CHINO PANTS,ELITE SHOP,20
16249,1610,1238/1 SUIT,SPOT ON FASHION,80 / 23 
16250,1373,5132 JACKET ,MAVIKS MENSWEAR,50 / 55 BIG
16251,1611,1629,MAVIKS MENSWEAR,22 / 25 BIG
16252,1612,8641 LEATHER JACKET,MAVIKS MENSWEAR,129
16253,1613,62577/171 SUIT,JIMANI CLOTHING,89
16254,1614,8903 SUIT,"NO 12 / 21-RFS, CHERMSIDE",85 / 25 
16255,1615,T128 BOY ,NU MANZ,60 / 16.5
16256,1584,1149 SHIRT,CAXTON STREET AGENCIES,25 / 28 BIG
16257,1451,8944/633 BOY SUIT,JIMANI CLOTHING,55 / 16.5
16258,654,1090 SHIRT ,JIMANI CLOTHING,19 BOY & MEN
16259,1617,22160 JACKET,ID DEZINE,60 / 25 TRS & VEST 85 SUIT
16260,1473,1156 SHIRT,ID DEZINE,29
16261,1618,UB MATT TIE,ID DEZINE,6.5
16262,1619,MF DB SUIT,ID DEZINE,75
16263,1495,P1837/13 JACKET ONLY,JIMANI CLOTHING,75
16264,1620,EPTOM SHIRT,JON KELL @ 23/05/2013 UP DATE,7.5
16265,804,CLEARANCE TRS,JON KELL @ 23/05/2013 UP DATE,10
16266,1598,DYLAN,FORMAL HIRE ARE US,38.5
16267,1621,JOE,FORMAL HIRE ARE US,35
16268,1622,BOY MF WHITE W2 JACKET ONLY,SK MENSWEAR BLACK TOWN,50 (CHANGE PRICE @08/05/2018
16269,1623,1149 SHIRTS,EDGE SUIT OUTLET & RENTALS,27.5 / 30.5 BIG
16270,1624,11495 JACKET  ONLY,JON KELL @ 23/05/2013 UP DATE,15
16271,1625,93393 JACKET ONLY,JON KELL @ 23/05/2013 UP DATE,15
16272,1626,"1144 FC, 1149 WC SHIRT",OPAL MALE FASHION ,22 /24.2 BIG
16273,1627,KELVIN SHOES,FORMAL HIRE ARE US,45
16274,1628,33758 PURE WOOL SUIT,THE ELEGANCE TAILORING,130.00 / 39
16275,1020,LAVA,SK MENSWEAR BLACK TOWN,25 / 30.5 BIG
16276,1357,1985 SUIT,STEVE MENSLAND 5% DISCOUNT,89 / TRS & VEST 22
16277,1629,T128 SUIT BOY,TOP RYDE TAILORING,55 / 16.5 TRS
16278,467,PV SUIT,RFS BONNYRIGG;,60
16279,468,PV TRS,RFS BONNYRIGG;,17.5
16280,1478,AF028 TRS,RFS BONNYRIGG;,14.5
16281,1560,1657 JACKET,RFS BONNYRIGG;,35 / 40 BIG
16282,1373,5132 JACKET ,RFS BONNYRIGG;,35 / 40 BIG
16283,1153,JW15 JACKET ,RFS BONNYRIGG;,50
16284,1630,2 BUCKLE BELT SET,RFS BONNYRIGG;,15
16285,1573,1630 SHIRT,THE ELEGANCE TAILORING,20 / 23 BIG
16286,1631,31226 NAVY SUIT,THE ELEGANCE TAILORING,130
16287,1390,T128 SUIT ,ZIBARA,60 / 18
16288,394,JM02,PAULS DISCOUNT JEANERY,90 / 100 BIG
16289,1632,8692 KNIT WEAR,PAULS DISCOUNT JEANERY,20
16290,1640,3326 SHIRT ,PAULS DISCOUNT JEANERY,19
16291,1427,T128 BOY SUIT,BRUNO MOBILE SUITS,55 / 16.5 
16292,1390,T128 SUIT ,BLACK TIE BY XAVIER,"65 / 19.5 , BIG 80 /25"
16293,1634,"1027/1, 1199/58 SUIT",OPAL MALE FASHION ,35
16294,1435,BOY T128 SUIT,M&S,52 / 16.50
16295,1635,1602 JACKET ONLY,PAULS DISCOUNT JEANERY,22.5 / 26.5 BIG
16296,1636,2120  KNIT WEAR,PAULS DISCOUNT JEANERY,20
16297,1435,BOY T128 SUIT,OPAL MALE FASHION ,50 / 16.5
16298,1637,1657,STANLEY JOHNS,42.5 / 47.5 BIG
16299,563,1602 JACKET,STANLEY JOHNS,25 / 30 BIG
16300,1638,SD93393 JACKET,STANLEY JOHNS,20
16301,1639,8830 KNIT WEAR,STANLEY JOHNS,29
16302,1640,3326 SHIRT ,"NO 12 /21-RFS, CHERMSIDE",20 / 23 BIG
16303,1612,8641 LEATHER JACKET,"NO 12 / 21-RFS, CHERMSIDE",129
16304,654,1090 SHIRT ,THE ELEGANCE TAILORING,15 / 17 BIG
16305,1641,31225 PURE WOOL SUIT,ANNA RO,130
16306,1642,"P1837/15, 13 JACKET ONLY",ANNA RO,60
16307,1643,"P1837/15 , 13 JACKET ONLY ",ANNA RO,60
16308,1644,TOMPSON CARGO PANTS,JENNY CAI  FASHION / EASY CLOTHING,25
16309,1390,T128 SUIT ,MS MENSWEAR-CAMPBELLTOWN,65 / 80 BIG / 19.5 
16310,1435,BOY T128 SUIT,MS MENSWEAR-CAMPBELLTOWN,55 / 16.5
16311,1645,OGL TAIL SUIT,KINGSIZE MENSWEAR,110
16312,1646,RUGBY TOPS,"NO 12 / 21-RFS, CHERMSIDE",18.5
16313,1647,ZIP HOODY 29438,"NO 12 / 21-RFS, CHERMSIDE",15
16314,1197,22160/5 SUIT ,E-MALE,95 / 25 
16315,785,JM02 JACKET ,BYRNE CLOTHING,99 / 109 BIG
16316,1373,5132 JACKET ,BYRNE CLOTHING,50 / 55 BIG
16317,1427,T128 BOY SUIT,BYRNE CLOTHING,55
16318,1593,1034 BOY SHIRT,BYRNE CLOTHING,18.5
16319,1648,2560 KNIT,"NO 12 / 21-RFS, CHERMSIDE",22
16320,1530,2269/7 SUIT,BONAMAN-BROADMEADOWS,75 / 
16321,1387,BOY MF WHITE SUIT,SHIVAN 7 (OXY WEAR),45
16322,1649,BOY WHITE W2 DINNER JACKET ONLY,SHIVAN 7 (OXY WEAR),40
16323,757,CLEARANCE SHIRT,SHIVAN 7 (OXY WEAR),5
16324,1620,EPTOM SHIRT,SHIVAN 7 (OXY WEAR),6.5
16325,1650,"8066,9080,9080,8081,8067,8066 BOY SHIRT",M&S,12
16326,1651,YH & YF SHIRTS,M&S,10
16327,1373,5132 JACKET ,PAULS DISCOUNT JEANERY,45 / 50 BIG
16328,563,1602 JACKET,PAULS DISCOUNT JEANERY,22.5 / 26.5 BIG
16329,559,JM06 JACKET ,PAULS DISCOUNT JEANERY,40
16330,1646,RUGBY TOPS,PAULS DISCOUNT JEANERY,18
16331,1153,JW15 JACKET ,PAULS DISCOUNT JEANERY,50
16332,1652,WORKWEAR DENIM TOP,PAULS DISCOUNT JEANERY,10
16333,1653,1608 JACKET,PAULS DISCOUNT JEANERY,45
16334,1230,93393 JACKET ,PAULS DISCOUNT JEANERY,20
16335,1390,T128 SUIT ,JENNY CAI FASHION / EASY CLOTHING,65 / 80 BIG
16336,1427,T128 BOY SUIT,JENNY CAI FASHION / EASY CLOTHING,55 / 16.5
16337,1560,1657 JACKET,ELITE SHOP,35 / 45 BIG
16338,1653,1608 JACKET,"NO 12 / 21-RFS, CHERMSIDE",45
16339,831,CARGO PANT,JON KELL @ 23/05/2013 UP DATE,25
16340,1560,1657 JACKET,JON KELL @ 23/05/201 UP DATE,32.5
16341,1593,1034 BOY SHIRT,TONY BARLOW (BRISBANE),17.5
16342,1115,BOY PV TRS,TONY BARLOW (BRISBANE),17.5
16343,1052,BELT,ZIBARA,7
16344,1654,1544 PW SPORTS COAT,BONAMAN-F/F 22/04/15,40
16345,1655,6791 JACKET,BONAMAN-F/F 22/04/15,40
16346,1445,CHINO PANT,THE SUIT UP DEN,20
16347,1010,17089/2 TRS,THE SUIT UP DEN,23
16348,785,JM02 JACKET ,CALLUCCI MENSWEAR,90 / 100 BIG
16349,1149,3208 TAIL SUIT,MAN ABOUT FORMAL,120
16350,1427,T128 BOY SUIT,MICK T'S CLOTHING,55 / 16.5
16351,1656,LINEN JACKET 5910,SUITS 2U,65
16352,1530,2269/7 SUIT,SPOT ON FASHION,75 / 22.5
16353,1516,1629 SHIRT,NEW PARK SUIT HIRE ,23.10 / 26.1 BIG
16354,1657,11691 JACKET,JON KELL @22/05/2013 UP DATE,15
16355,1153,JW15 JACKET ,ZIBARA,50
16356,1427,T128 BOY SUIT,BONAMAN-BROADMEADOWS,50 /16.50
16357,1451,8944/633 BOY SUIT,SK MENSWEAR BLACK TOWN,50 / 17
16358,1427,T128 BOY SUIT,SK MENSWEAR BLACK TOWN,55 / 17
16359,1658,JM16,"NO 12 / 21-RFS, CHERMSIDE",45
16360,1644,TOMPSON CARGO PANTS,"NO 12 / 21-RFS, CHERMSIDE",25
16361,1435,BOY T128 SUIT,MAVERIC CLOTHING,52 / 16.50
16362,1646,RUGBY TOPS,SHIVAN 7 (OXY WEAR),5
16363,1659,T128  SUIT,JIMMY STUART,69 / 89 BIG
16364,1660,T128 W2 SUIT WITH LAPEL,JIMMY STUART,89 / 109 BIG
16365,1481,"1629, 1630 SHIRT",THE SUIT UP DEN,22.5 / 25.5 BIG
16366,1661,1280 VELVET JACKET,BRUNO MOBILE SUITS,69
16367,1653,1608 JACKET,JON KELL @23/05/2013 UP DATE,25
16368,1484,BON JACKET,JON KELL @ 23/05/2013 UP DATE,5
16369,1662,JW15,JON KELL @ 23/05/2013 UP DATE,27
16370,1153,JW15 JACKET ,JON KELL @ 23/05/2013 UP DATE,27
16371,785,JM02 JACKET ,DAVID'S MENSWEAR,90 / 100 BIG
16372,1573,1630 SHIRT,MS MENSWEAR-CAMPBELLTOWN,18 / 21 BIG
16373,1663,BOY 6365 SHOES,CALABRO,30
16374,1447,CHINO PANTS,CALABRO,20
16375,1664,B845 JACKET,VELE / SNK ,75
16376,1357,1985 SUIT,THE SUIT UP DEN,89 / 23 / 139 BIG / 28.5 BIG
16377,1665,7089 TRIM SUIT,THE SUIT UP DEN,89 / 23 / 139 BIG / 28.5 BIG
16378,1666,BELTS IN BOXED,THE SUIT UP DEN,12
16379,459,V069 SHIRT,THE SUIT UP DEN,22 / 25 BIG
16380,1667,1056 BOY SHIRT,THE SUIT UP DEN,23
16381,1668,1056 MEN SHIRT,THE SUIT UP DEN,25 / 28 BIG
16382,1390,T128 SUIT ,THE SUIT UP DEN,65 / 19.5 / 80 BIG / 25 BIG
16383,1427,T128 BOY SUIT,THE SUIT UP DEN,55 / 16.5
16384,1669,1281 VELET W2 JACKET ,MOSS CLOTHING,75
16385,1427,T128 BOY SUIT,SUITS 2U,55 / 16.5
16386,1390,T128 SUIT ,ECHUCA FASHION CENTRE 19.01.10,69/R; 84/KING SIZE
16387,1456,T128 TRS,ECHUCA FASHION CENTRE 19.01.10,20
16388,1670,T128 VEST,ECHUCA FASHION CENTRE 19.01.10,25
16389,1671,VACE TIE,ECHUCA FASHION CENTRE 19.01.10,10
16390,98,SUIT BAGS,ECHUCA FASHION CENTRE 19.01.10,1.8
16391,1672,BETTS SHOE,"NO 12 / 21 -RFS,CHERMSIDE",25
16392,1525,T128 W2 WITH LAPEL SUIT,SK MENSWEAR BLACK TOWN,65 / 17
16393,1673,T128 MEN SUIT,SK MENSWEAR BLACK TOWN,65 / 19.5
16394,1674,P2241 2B SUIT,SPOT ON FASHION,70
16395,1675,P2051 W2 JACKET ONLY,SPSOT ON FASHION,60
16396,1675,P2051 W2 JACKET ONLY,SPOT ON FASHION,60
16397,1478,AF028 TRS,ELITE SHOP,15
16398,1676,NEW PATTERN TIES,GLEESONS MERCERY,11
16399,1677,NEW UB TIE,GLEESONS MERCERY,6.5
16400,1678,"JASON, 6365, DYLAN SHOES",ELITE SHOP,32.5
16401,1679,1034 SHIRT,THE SUIT UP DEN,18.5
16402,1390,T128 SUIT ,THE PREMIER STORE,65 / 19.5 / 80 BIG / 25
16403,122,BOY TIE,CADDS FASHION SURF AND SPORT 5%,8
16404,1680,P1985 POLY WOOL SUIT,JUST FORMAL - DARWIN,89
16405,1681,YH SHIRT,MODERN MALE MENSWEAR,11
16406,1682,"1281 VELVET W2 JACKET, P16",MICHAEL INNIS,85
16407,1679,1034 SHIRT,GOLDERS MENSWEAR,15
16408,1683,MF SHIRT L/S W,O'BRIEN'S 5%,18.5
16409,1684,3208 OGL TAIL SUIT,GEORGE GOOLEY,140
16410,1685,P1837 LEAF PATTERN JACKET ,MICHAEL INNIS,85
16411,1686,B845 PV PATTERN DINNER JACKET,MICHAEL INNIS,85
16412,1687,HOODY HL11691,"NO 12 / 21-RFS, CHERMSIDE",15
16413,1688,JIMMI SHOES,PAULS DISCOUNT JEANERY,45
16414,619,1034,VELE / SNK ,18
16415,1689,P2241 SUIT,"NO 12 / 21-RFS, CHERMSIDE",85 / 105BIG / TRS & VEST 25 /30.5 BIG
16416,1690,P2051 JACKET ONLY,"NO 12 / 21-RFS, CHERMSIDE",75
16417,1691,T128 W2 WITH LAPEL,NEW PARK SUIT HIRE ,85/100BIG 18/23.5BIG TRS
16418,1692,T128 ,MURFF'S CLASSIC,"75, 22.5TRS"
16419,1693,P2051 BLACK JACKET,EDGE SUIT OUTLET & RENTALS,75
16420,1694,BOY MF W2 JACKET,CLASSIQUE FORMAL HIRE,55
16421,1219,22160 SUIT,CLASSIQUE FORMAL HIRE,75
16422,1445,CHINO PANT,DALY MALE,22
16423,1689,P2241 SUIT,DALY MALE,85 /25
16424,1695,1281 VELVET JACKET,DALY MALE,75
16425,1696,P2051 JACKET,MOSS CLOTHING,75
16426,1664,B845 JACKET,MOSS CLOTHING,75
16427,1445,CHINO PANT,MOSS CLOTHING,22
16428,1697,"P1837, B845 JACKET",MOSS CLOTHING,75
16429,1698,P2051 W2 JACKET,OPAL MALE FASHION ,70
16430,1586,62577 SUIT,"NO 12 / 21-RFS, CHERMSIDE",75
16431,1699,1629;,BLACK TIE BY XAVIER,20
16432,1700,JIMMY BOOTS,MAN ABOUT FORMAL,45
16433,1701,P2241,GENTLEMENS OUTFITS - CHAR,85
16434,1702,VELVET JACKET,GENTLEMENS OUTFITS --CHAR,75
16435,1593,1034 BOY SHIRT,GENTLEMENS OUTFITS --CHAR,19
16436,1703,P1837 W2 JACKET ONLY,GENTLEMENS OUTFITS --CHAR,70
16437,1704,CONSTANT SHIRT,"NO 12 / 21-RFS, CHERMSIDE",12
16438,1705,CONSTANT JEANS,"NO 12 / 21-RFS, CHERMSIDE",15
16439,1706,JB TIE,"NO 12 / 21-RFS, CHERMSIDE",6.5
16440,1707,UB TIE,"NO 12 / 21-RFS, CHERMSIDE",5.5
16441,1708,8944 SUIT (WITH TRIM),BRUNO MOBILE SUITS,79/22.5
16442,1692,T128 ,MAVIKS MENSWEAR,"65, 80 BIG, 19.8VEST, 55/16.5BOY TRS"
16443,1709,"6365, JASON",MAVIKS MENSWEAR,38.5
16444,740,MF SHIRT ,MAVIKS MENSWEAR,"18.15 BOY, 18.5 MEN, BIG 20.35"
16445,1710,"VARCE SATIN TIE8CM, 5CM",MAVIKS MENSWEAR,10
16446,1711,TRIM BOY VEST,MAVIKS MENSWEAR,22.1
16447,328,SUIT BAG,MAVIKS MENSWEAR,1.8
16448,1219,22160 SUIT,MAVIKS MENSWEAR,75/22.5
16449,1712,1630,MAVIKS MENSWEAR,22
16450,1713,81570 VEST,MAVIKS MENSWEAR,25.3
16451,1425,MF W2 DINNER JACKET ,MAVIKS MENSWEAR,65
16452,1714,8944 PV TRS,MAVIKS MENSWEAR,19.8
16453,1715,AF028 TR,MAVIKS MENSWEAR,15
16454,1716,HL11691 JACKET,MAVIKS MENSWEAR,15
16455,1467,5910 LINEN JACKET,MAVIKS MENSWEAR,"65,75 BIG"
16456,1385,PC BUSINESS SHIRT,MAVIKS MENSWEAR,10
16457,601,V069,MAVIKS MENSWEAR,"10, 15BIG"
16458,1717,11691M JACKET,MAVIKS MENSWEAR,15
16459,228,RFS SHIRT,MAVIKS MENSWEAR,5
16460,1719,BAMBOO SHIRT L/S,MAVIKS MENSWEAR,25
16461,1720,"MF VEST, TRS",MAVIKS MENSWEAR,21
16462,1721,"TRENT, JUSTIN SHOES",MAVIKS MENSWEAR,25
16463,1722,1608 JACKET ONLY,ELITE SHOP,30
16464,1723,15502 BEIGE SUIT,"NO 12 / 21-RFS, CHERMSIDE",65
16465,1724,8944 NO TRIM,"NO 12 / 21-RFS, CHERMSIDE","65/100 PV PRICE, 19.8 TRS"
16466,1725,BAMBOO SHIRT COL,TOTALLY WORKWEAR,25/28 BIG
16467,1726,62577,BONAMAN-BROADMEADOWS,75/17.5
16468,1682,"1281 VELVET W2 JACKET, P16",BRUNO MOBILE SUITS,69
16469,1553,T128 W2 DINNER SUIT,FORMAL HIRE ARE US,85 / 22.50 / 100 BIG /28 BIG
16470,1727,K5936 SUIT,"NO 12 21-RFS, CHERMSIDE",65
16471,714,CLEARANCE SUIT,"NO 12 / 21-RFS, CHERMSIDE",35
16472,1728,P2051 W2JA SLIM,THE HUT MENSWEAR,79
16473,1689,P2241 SUIT,BOSTON FOR MEN,89
16474,1729,"B845, P2051 JACKET",BOSTON FOR MEN,79
16475,1679,1034 SHIRT,BOSTON FORMEN,20
16476,1681,YH SHIRT,BOSTON FOR MEN,11
16477,1679,1034 SHIRT,BOSTON FOR MEN,20
16478,1682,"1281 VELVET W2 JACKET, P16",BOSTON FOR MEN,79
16479,1730,1281 VELVET JACKET ONLY,FORMAL IMAGE,75
16480,1690,P2051 JACKET ONLY,FORMAL IMAGE,75
16481,1731,P16 JACKET ONLY,FORMAL IMAGE,75
16482,690,"TRIM, D246 SUIT",BeauxLaidy Family Fashion,"85/25, 59BOY"
16483,1692,T128 ,BeauxLaidy Family Fashion,"79 JACKET ONLY BIG, 16.5 BOY"
16484,1481,"1629, 1630 SHIRT",BeauxLaidy Family Fashion,20/25.5 BIG
16485,814,VARCE SATIN TIE,BeauxLaidy Family Fashion,10
16486,1732,L3600 PV SELF STRIPE SUIT,BeauxLaidy Family Fashion,75 ALL
16487,1593,1034 BOY SHIRT,BeauxLaidy Family Fashion,20
16488,1368,5132 VS JACKET,BeauxLaidy Family Fashion,40/45 BIG
16489,740,MF SHIRT ,BeauxLaidy Family Fashion,20 ALL SIZE
16490,1733,5110 PC SHIRT,BeauxLaidy Family Fashion,20
16491,98,SUIT BAGS,BeauxLaidy Family Fashion,2.2
16492,1679,1034 SHIRT,BeauxLaidy Family Fashion,22/25 BIG
16493,1734,5910,FORMALWEAR 2 SUIT U,65/25
16494,1735,P1818 JACKET,FORMALWEAR 2 SUIT U,65
16495,1736,1281 W2 JACKET BURGUNDY,"NO 12 / 21-RFS, CHERMSIDE",75
16496,1737,T128 W2,MAN ABOUT FORMAL,90
16497,1593,1034 BOY SHIRT,OPAL MALE FASHION ,20
16498,1738,P16 PAISLEY DINNER JACKET ,SHIVAN 7 (OXY WEAR),70
16499,1682,"1281 VELVET W2 JACKET, P16",SHIVAN 7 (OXY WEAR),70
16500,1248,2 BUCKLE BELT,ELITE SHOP,15
16501,1739,81792 K5936 VEST,MALENY MENSWEAR,17
16502,1740,"D246, 22160 TRIM",ANNA RO,75/90BIG
16503,1741,P2241 TRIM,ANNA RO,85
16504,1742,JM 16,GOLDER - ROMA,45
16505,1743,"1057, 1058 SHIRT","NO 12 / 21-RFS, CHERMSIDE",27.5
16506,1744,T128 PV,MICHAEL INNIS,75
16507,1692,T128 ,THE HUT MENSWEAR,65
16508,1425,MF W2 DINNER JACKET ,THE HUT MENSWEAR,60
16509,1682,"1281 VELVET W2 JACKET, P16",THE HUT MENSWEAR,79
16510,1653,1608 JACKET,BELLO PER TE-GALSTON,45
16511,1697,"P1837, B845 JACKET",BELLO PER TE-GALSTON,75
16512,1745,"MF W2, 5910  LINEN JACKET",BELLO PER TE-GALSTON,"65/75, 55 BOY"
16513,662,COL SUIT,BELLO PER TE-GALSTON,71.5
16514,690,"TRIM, D246 SUIT",BELLO PER TE-GALSTON,"85, 135 BIG; 65/20 BOY "
16515,1746,"62577 PW, P2241 SUIT",BELLO PER TE-GALSTON,85
16516,1747,UB CHECK SHIRT,BELLO PER TE-GALSTON,20
16517,1681,YH SHIRT,BELLO PER TE-GALSTON,15/18
16518,1548,17 POLO,BELLO PER TE-GALSTON,12.5
16519,1706,JB TIE,BELLO PER TE-GALSTON,5.5
16520,1748,2269 SUIT,BELLO PER TE-GALSTON,75
16521,1749,D246 VEST&TR,BELLO PER TE-GALSTON,22
16522,1682,"1281 VELVET W2 JACKET, P16",BELLO PER TE-GALSTON,79
16523,1750,BAMBOO L/S SHIRT,BELLO PER TE-GALSTON,25 ALL SIZE
16524,1481,"1629, 1630 SHIRT",BELLO PER TE-GALSTON,25/28
16525,1751,1609 CHINO PANTS,BELLO PER TE-GALSTON,25
16526,328,SUIT BAG,BELLO PER TE-GALSTON,1.8
16527,1752,TRIM TR,BELLO PER TE-GALSTON,22
16528,1288,MF COL TRS,BELLO PER TE-GALSTON,"16.5, MAN &BOY"
16529,1753,CARRY BAG,BELLO PER TE-GALSTON,0.3
16530,1754,P1985 SUIT,BELLO PER TE-GALSTON,"85/22, 115"
16531,1219,22160 SUIT,BELLO PER TE-GALSTON,"75/22.5 TR&VEST, 65/20 BOY"
16532,1698,P2051 W2 JACKET,BELLO PER TE-GALSTON,75
16533,788,3208 W2 DINNER SUIT,BELLO PER TE-GALSTON,99/35 TRS
16534,1756,8944 PV SUIT,BELLO PER TE-GALSTON,65
16535,1757,P2087 JACKET,BELLO PER TE-GALSTON,75
16536,1758,3474 NT SHIRT,BELLO PER TE-GALSTON,22.5
16537,1743,"1057, 1058 SHIRT",BELLO PER TE-GALSTON,27.5
16538,1478,AF028 TRS,BELLO PER TE-GALSTON,13.5
16539,814,VARCE SATIN TIE,BELLO PER TE-GALSTON,10
16540,1759,PUFF VEST,BELLO PER TE-GALSTON,15
16541,1760,D177 SUIT,BELLO PER TE-GALSTON,99
16542,1692,T128 ,BELLO PER TE-GALSTON,16.5 BOY TR
16543,1761,"1629, 1630,1034, 5110, 1056, 1149 SHIRT",BELLO PER TE-GALSTON,25
16544,1762,1090 BOY,BELLO PER TE-GALSTON,16.5
16545,1763,1027 BOY SUIT,BELLO PER TE-GALSTON,65
16546,1217,1303 SUIT,BELLO PER TE-GALSTON,75
16547,1764,5502 SUIT,STEWARTS MENSWEAR,55
16548,1551,17 POLO SHIRT,NEW PARIS ,9
16549,1765,18 POLO SHIRT,CASSIDYS DEPARTMENT,12.9
16550,1447,CHINO PANTS,BAS LE MODE,22
16551,1695,1281 VELVET JACKET,RAMBRANDT SUITS - BROOKVALE,75
16552,1766,K5936 BOY TR,DOUG WATSONS,18.15
16553,1767,TRIM BOY,SUITS DIRECT PTY LTD,65/20
16554,1768,BOY 3208 W2 SUIT,SHIVAN 7 (OXY WEAR),70 / 21 
16555,1390,T128 SUIT ,HORNSBY TAILOR,75 / 19.5 
16556,1769,B845 W2 JACKET,CALABRO,75
16557,1606,"1034, 1090  BOY SHIRT",MILTONS GEAR,16.5
16558,1770,BAMBOO SHIRT,"NO 12 / 21-RFS, CHERMSIDE",25
16559,1456,T128 TRS,BAMAGA DREAMTIME,21
16560,345,MF TRS,BAMAGA DREAMTIME,21
16561,1771,BAMBOO POLO SHIRT,"NO 12 / 21-RFS, CHERMSIDE",15
16562,1451,8944/633 BOY SUIT,ELITE SHOP,50/17.6
16563,242,3208 W2,JACK SIMMONS,95
16564,1770,BAMBOO SHIRT,PAULS DISCOUNT JEANERY,22.5
16565,1772,1281 VELVET W2,MS MENSWEAR-NARELLAN,79
16566,1773,2 BUCKLE BELT IN BOX,AVESTA TAILORING,12
16567,1774,BELT BOXED,AVESTA TAILORING,11
16568,1775,B845  JACKET ONLY,FORMAL IMAGE,75
16569,877,8944/633 PV SUIT,BRUNO MOBILE SUITS,75 / 21
16570,1390,T128 SUIT ,MACDONALD FASHION,75 / 21 
16571,1776,B6365 BOY SHOES,SHIVAN 7,22.5
16572,327,WC SHIRT,MAN ABOUT FORMAL,22
16573,1777,2018 POLO,STREET SMART CLOTHING,12.5
16574,1390,T128 SUIT ,STREET SMART CLOTHING,65 / 19.5 
16575,1778,MF SHIRT L/S,BON MARCHE MENSLAND,21 / 23 big
16576,1779,MF S/S SHIRT,BON MARCHE MENSLAND,21/23 big
16577,1780,2017 POLO (MR),EDDYE'S,15
16578,1777,2018 POLO,EDDY'S,12.5
16579,1781,DENIM SHORTS,"NO 12 / 21-RFS, CHERMSIDE",10
16580,1731,P16 JACKET ONLY,JOE LICHAA,75
16581,1782,1629 BOY SHIRT ,THE WEDDING SHOPPE - DUBBO,20
16582,1783,18 POLO,WALLACE & CO,12
16583,1784,BAMBOO SHIRTS ,THE ELEGANCE TAILORING,17/20 BIG
